ma_qg,ten_qg,tieu_vung,nhom,asean,viet_nam,nhom_thu_nhap,bac_thu_nhap,gdp_ppp_ty_usd,dan_so_trieu,gdp_dau_nguoi,ln_gdp_dau_nguoi,do_da_dang,eci,coi,goi,hang_eci_the_gioi,hang_eci_chau_a,sang_che,bai_bao_kh,nhan_hieu,xuat_khau_ty_usd,sang_che_tren_trieu_dan,ln_sang_che,bai_bao_kh_tren_trieu_dan,ln_bai_bao_kh,nhan_hieu_tren_trieu_dan,ln_nhan_hieu,xuat_khau_ty_usd_tren_trieu_dan,ln_xuat_khau_ty_usd,so_nang_luc_cong_nghe,so_nang_luc_khoa_hoc,so_nang_luc_san_xuat,so_nang_luc_khoi_nghiep,so_nang_luc_tong,so_nang_luc_tuong_doi,so_nang_luc_tuyet_doi,eci_2013,do_da_dang_2013,so_nang_luc_tong_2013,gdp_dau_nguoi_2013,thay_doi_eci_10_nam,thay_doi_do_da_dang_10_nam,thay_doi_so_nang_luc_10_nam,tang_truong_gdp_dau_nguoi_bq_10_nam,tuong_dong_voi_viet_nam
AE,United Arab Emirates (the),Tay A,Chau A khac,0,0,High income,4,718.95,9.441129,76150.850179,11.240472,0.447339,0.066206,477.853574,561.39477,53,9,602.796419,2489.975718,2920.531887,213.883193,63.847917,6.403237,263.737072,7.82043,309.341381,7.979863,22.654409,5.370095,96,382,342,322,1142,1142,193,0.124874,0.357191,779,61361.561737,-0.058667,0.090149,363,2.182809,0.258031
AF,Afghanistan,Nam A,Chau A khac,0,0,Low income,1,82.238478,41.128771,1999.536481,7.600671,0.033178,-1.993675,2.294449,52.827308,163,46,3.0,73.253155,14.734591,0.959477,0.072942,1.386294,1.781068,4.30748,0.358255,2.755862,0.023329,0.672678,0,5,17,0,22,22,0,-1.898007,0.018889,20,3054.451571,-0.095668,0.014289,2,-4.148347,0.040617
AM,Armenia,Tay A,Chau A khac,0,0,Upper middle income,3,57.515575,2.780469,20685.566018,9.937191,0.199887,0.032612,229.431996,348.824715,56,10,77.602778,98.252951,73.303539,5.400615,27.90996,4.364407,35.336827,4.597672,26.363732,4.308159,1.94234,1.856394,28,21,45,32,126,126,1,-0.331356,0.103793,71,12700.94292,0.363968,0.096093,55,4.998512,0.219386
AZ,Azerbaijan,Tay A,Chau A khac,0,0,Upper middle income,3,216.388,10.175016,21266.600465,9.964893,0.078592,-1.212436,59.191009,144.697711,124,30,19.333333,158.654764,14.898737,20.362264,1.900079,3.012262,15.592581,5.073014,1.464247,2.76624,2.001202,3.061626,6,43,29,1,79,79,2,-0.444616,0.068535,53,20398.647056,-0.76782,0.010057,26,0.417561,0.099401
BD,Bangladesh,Nam A,Chau A khac,0,0,Lower middle income,2,1413.3,171.186372,8255.914203,9.018685,0.078799,-1.589776,47.453862,131.848613,139,39,144.194048,2551.742017,23.453175,35.531515,0.842322,4.978071,14.906222,7.844923,0.137004,3.19676,0.20756,3.598175,0,26,36,0,62,58,46,-1.598986,0.055392,46,4901.066797,0.009211,0.023407,16,5.353133,0.137219
BH,Bahrain,Tay A,Chau A khac,0,0,High income,4,91.185402,1.472233,61936.800661,11.03387,0.179615,-0.641114,228.647851,308.12275,95,24,11.2,165.468937,79.036161,12.121828,7.607491,2.501436,112.393172,5.114809,53.684547,4.382479,8.233634,2.574277,0,59,66,17,142,142,8,-0.650928,0.156839,101,55004.114963,0.009814,0.022777,41,1.194139,0.225474
BN,Brunei Darussalam,Dong Nam A,ASEAN khac,1,0,High income,4,35.163159,0.449002,78314.035414,11.268482,0.106816,-1.318493,121.477229,179.183997,126,31,2.583333,159.461533,5.069098,8.712546,5.753501,1.276293,355.146599,5.078054,11.289699,1.80321,19.404248,2.273418,0,46,8,0,54,54,1,-0.675933,0.069696,16,86501.470479,-0.64256,0.03712,38,-0.989418,0.158219
BT,Bhutan,Nam A,Chau A khac,0,0,Lower middle income,2,11.516817,0.782455,14718.823723,9.596882,0.035594,-1.914296,18.744222,54.842411,158,43,2.0,15.075773,0.0,0.26431,2.556058,1.098612,19.267272,2.777313,0.0,0.0,0.337796,0.234527,1,4,4,0,9,9,0,-2.406171,0.024212,6,11156.854598,0.491875,0.011382,3,2.809473,0.044384
CN,China,Dong A,Chau A khac,0,0,Upper middle income,3,32004.9,1412.175,22663.550906,10.028513,0.426095,0.624825,320.238494,548.482525,12,4,252632.175751,283330.857214,84524.903473,2513.110308,178.8958,12.439694,200.634381,12.554374,59.854411,11.344813,1.779603,7.829674,471,607,719,521,2318,950,2318,0.406314,0.335304,2031,13080.822159,0.218511,0.09079,287,5.649949,0.250154
CY,Cyprus,Tay A,Chau A khac,0,0,High income,4,48.389098,1.251488,38665.251008,10.562697,0.360202,-0.011288,435.265113,528.919385,60,12,152.55,773.505346,1375.686725,3.757694,121.894896,5.034026,618.068528,6.652225,1099.240844,7.227435,3.002581,1.559763,18,330,27,340,715,715,73,0.21462,0.373289,717,27104.875798,-0.225908,-0.013088,-2,3.616124,0.239667
GE,Georgia,Tay A,Chau A khac,0,0,Upper middle income,3,83.934728,3.712502,22608.668713,10.026089,0.174164,-0.443681,187.86337,303.714701,84,19,56.112821,89.930132,65.315122,4.181712,15.114556,4.045029,24.223592,4.510091,17.593289,4.194418,1.126386,1.645136,16,36,37,18,107,107,2,-0.695315,0.109115,48,13913.001825,0.251634,0.065048,59,4.974887,0.201618
ID,Indonesia,Dong Nam A,ASEAN khac,1,0,Upper middle income,3,3905.72,275.501339,14176.773203,9.55936,0.154455,-0.635405,135.184348,264.762875,93,23,344.58853,4157.378572,630.936247,191.763314,1.250769,5.845249,15.09023,8.332881,2.290139,6.448789,0.696052,5.261463,0,71,131,1,203,162,182,-0.82494,0.119564,131,10224.777865,0.189536,0.034891,72,3.321892,0.230787
IL,Israel,Tay A,Chau A khac,0,0,High income,4,468.095,9.5506,49012.103952,10.799823,0.444237,0.537251,333.446578,596.477499,20,6,15873.813349,3572.601052,1651.638442,45.431131,1662.074985,9.672489,374.070849,8.181329,172.935569,7.410128,4.756888,3.83797,316,439,219,233,1207,1207,91,0.41753,0.45173,1273,40148.768534,0.119721,-0.007493,-66,2.014783,0.211289
IN,India,Nam A,Chau A khac,0,0,Lower middle income,2,13376.6,1417.173173,9438.931145,9.152598,0.179223,0.01168,189.474597,315.822323,58,11,22902.228924,42480.730802,3441.310532,317.061703,16.160501,10.039033,29.975681,10.656829,2.428292,8.143898,0.223728,5.762245,93,439,246,50,828,86,829,-0.222408,0.154402,585,5753.09855,0.234088,0.024821,243,5.075654,0.213703
IQ,Iraq,Tay A,Chau A khac,0,0,Upper middle income,3,595.082,44.496122,13373.794687,9.501052,0.081419,-1.403166,78.019329,149.957729,131,35,16.242424,2357.996146,28.0,74.162186,0.36503,2.847373,52.993296,7.765991,0.629268,3.367296,1.666711,4.319648,0,112,7,0,119,119,15,-0.833967,0.037039,25,13635.723103,-0.569199,0.04438,94,-0.193771,0.108408
IR,Iran (Islamic Republic of),Nam A,Chau A khac,0,0,Upper middle income,3,1441.77,88.55057,16281.88277,9.697808,0.195078,-0.633096,240.554855,328.678569,92,22,808.582359,13724.509275,171.423921,8.999441,9.131306,6.696519,154.990637,9.527011,1.935887,5.149956,0.101631,2.302529,5,238,57,3,303,284,158,-0.475842,0.178195,289,14148.931528,-0.157254,0.016884,14,1.414043,0.232728
JO,Jordan,Tay A,Chau A khac,0,0,Lower middle income,2,107.315,11.285869,9508.793696,9.159972,0.223581,-0.751998,287.542341,362.663202,99,26,128.839827,1467.096035,303.758614,9.419658,11.416031,4.866302,129.994069,7.291722,26.914951,5.71952,0.834642,2.343694,18,273,97,65,453,453,28,-0.601594,0.200985,311,11216.174037,-0.150404,0.022596,142,-1.637837,0.286125
JP,Japan,Dong A,Chau A khac,0,0,High income,4,5710.17,125.124989,45635.728288,10.728446,0.491205,0.990363,157.480774,601.796395,1,1,285985.035138,18539.298991,16464.818241,528.372193,2285.594887,12.563698,148.166239,9.827702,131.586971,9.709042,4.222755,6.271692,464,319,354,506,1643,1432,1525,0.90395,0.476832,1691,42492.212327,0.086413,0.014372,-48,0.716254,0.198916
KG,Kyrgyzstan,Trung A,Chau A khac,0,0,Lower middle income,2,46.686361,6.8033,6862.311156,8.8338,0.07709,-1.344363,37.24997,127.014202,128,33,8.277778,27.604771,5.0,1.690174,1.21673,2.227622,4.057556,3.353574,0.734937,1.791759,0.248434,0.989606,0,8,26,0,34,34,1,-0.896394,0.064306,30,5473.061393,-0.447969,0.012784,4,2.28784,0.113059
KH,Cambodia,Dong Nam A,ASEAN khac,1,0,Lower middle income,2,116.658,16.767842,6957.2459,8.847539,0.084031,-1.474756,48.196768,129.065459,136,36,18.75,76.067415,11.25,18.144841,1.118212,2.983153,4.536506,4.344681,0.670927,2.505526,1.082121,2.952033,1,31,88,0,120,120,12,-2.113434,0.05616,78,4469.641129,0.638678,0.027871,42,4.524108,0.1578
KP,Democratic People's Republic of Korea,Dong A,Chau A khac,0,0,Low income,1,,26.069416,,,0.029644,0.635947,52.050706,63.178941,11,3,83.090476,5.146465,36.130519,0.236599,3.187278,4.431893,0.197414,1.815877,1.385935,3.614439,0.009076,0.212365,1,2,3,4,10,10,0,0.143942,0.046067,38,,0.492005,-0.016423,-28,,0.030193
KR,Republic of Korea (the),Dong A,Chau A khac,0,0,High income,4,2607.05,51.628117,50496.708993,10.829663,0.49814,0.744188,269.92991,586.673888,4,2,142228.409616,21591.267989,11929.923746,513.73293,2754.863394,11.865197,418.207544,9.980091,231.07416,9.386889,9.950642,6.243648,401,443,329,432,1605,1482,1314,0.658046,0.471844,1318,40483.339581,0.086142,0.026296,287,2.234782,0.221314
KW,Kuwait,Tay A,Chau A khac,0,0,High income,4,231.884,4.268873,54319.723262,10.902643,0.188076,-0.587308,259.489758,328.298406,90,21,34.3,427.507985,290.929535,45.83835,8.034908,3.563883,100.145398,6.060309,68.151368,5.676512,10.737811,3.846702,5,155,43,40,243,243,7,-0.11478,0.166781,145,60083.619497,-0.472528,0.021296,98,-1.00343,0.225464
KZ,Kazakhstan,Trung A,Chau A khac,0,0,Upper middle income,3,705.52,19.621972,35955.611393,10.49004,0.216385,-0.216348,244.020475,384.638354,71,16,63.347619,685.315561,124.931094,55.258583,3.228402,4.1643,34.925927,6.531338,6.366898,4.835735,2.816158,4.029959,9,111,79,126,325,325,24,-0.259249,0.131358,176,31100.314865,0.042901,0.085027,149,1.461245,0.234525
LA,Lao People's Democratic Republic (the),Dong Nam A,ASEAN khac,1,0,Lower middle income,2,64.172517,7.529475,8522.840771,9.050505,0.050186,-1.915669,1.329721,70.91282,160,44,5.47619,25.39516,1.666667,5.485334,0.7273,1.868132,3.372766,3.273181,0.221352,0.980829,0.728515,1.869543,0,11,42,0,53,53,7,-2.153903,0.044889,44,5984.106898,0.238234,0.005297,9,3.599701,0.090689
LB,Lebanon,Tay A,Chau A khac,0,0,Lower middle income,2,65.415227,5.489739,11915.908434,9.38563,0.250213,-0.554287,330.414218,401.220308,87,20,138.93373,753.629524,159.585563,2.937441,25.307894,4.941169,137.279664,6.626227,29.06979,5.078827,0.535078,1.370531,21,268,40,72,401,401,5,-0.416363,0.237051,256,16582.972637,-0.137924,0.013162,145,-3.251002,0.268168
LK,Sri Lanka,Nam A,Chau A khac,0,0,Lower middle income,2,287.031,22.181,12940.399441,9.468109,0.13708,-0.999485,120.038742,227.531197,111,27,145.249555,387.651677,103.397059,9.011796,6.548377,4.985314,17.476745,5.962684,4.661515,4.648202,0.406284,2.303764,25,63,103,12,203,203,10,-1.406056,0.104767,149,11932.799148,0.406571,0.032313,54,0.813928,0.212748
MM,Myanmar,Dong Nam A,ASEAN khac,1,0,Lower middle income,2,290.381,54.179306,5359.629376,8.58665,0.047252,-1.935157,-4.358291,62.667315,162,45,14.866667,35.762732,37.128905,12.683792,0.274398,2.76422,0.660081,3.604485,0.685297,3.640973,0.234108,2.616212,0,1,71,1,73,73,7,-2.588646,0.030351,46,4631.425784,0.653489,0.016901,27,1.471015,0.089221
MN,Mongolia,Dong A,Chau A khac,0,0,Upper middle income,3,56.474142,3.398366,16618.028051,9.718243,0.11364,-1.129711,127.285888,198.945949,120,29,14.35,202.674144,16.01797,10.182173,4.222618,2.731115,59.638704,5.316521,4.713433,2.83427,2.996197,2.414321,4,45,18,1,68,68,2,-1.302321,0.065343,29,13460.158192,0.17261,0.048297,39,2.129906,0.140897
MV,Maldives,Nam A,Chau A khac,0,0,Upper middle income,3,11.722818,0.523787,22380.887376,10.015963,0.02948,-1.487794,18.886845,45.035988,137,37,1.4,15.869639,0.0,0.231219,2.672842,0.875469,30.297887,2.825516,0.0,0.0,0.441438,0.208005,2,2,2,0,6,6,0,-0.78978,0.036629,21,17957.356074,-0.698014,-0.007149,-15,2.2265,0.044564
MY,Malaysia,Dong Nam A,ASEAN khac,1,0,Upper middle income,3,1152.57,33.938221,33960.825466,10.432963,0.380003,0.138446,401.096145,530.212759,49,8,1555.529582,4995.133555,1619.127973,250.097354,45.834152,7.350214,147.183129,8.51642,47.708098,7.39026,7.369195,5.525841,72,297,252,169,790,788,216,0.105496,0.364587,746,25770.067152,0.032951,0.015416,44,2.79838,0.264467
NP,Nepal,Nam A,Chau A khac,0,0,Lower middle income,2,144.352,30.54758,4725.480709,8.460725,0.070708,-1.69605,46.2796,120.577026,147,42,77.750794,390.783089,4.5,0.69829,2.545236,4.366288,12.792604,5.970708,0.147311,1.704748,0.022859,0.529622,1,46,18,0,65,65,1,-1.620785,0.056639,54,3452.642496,-0.075265,0.014068,11,3.188058,0.10092
OM,Oman,Tay A,Chau A khac,0,0,High income,4,190.403,4.576298,41606.337699,10.636008,0.177133,-1.014858,210.726797,285.923116,112,28,37.642308,458.651901,85.222222,46.69777,8.225493,3.654348,100.223347,6.130469,18.622525,4.456928,10.204268,3.864885,9,157,91,16,273,273,21,-1.127267,0.124283,130,41039.070606,0.112409,0.05285,143,0.137374,0.222171
PH,Philippines,Dong Nam A,ASEAN khac,1,0,Lower middle income,2,1137.25,115.559009,9841.292426,9.194342,0.118987,-0.311619,108.678169,226.021703,78,17,310.006448,572.568574,253.839657,57.889119,2.682668,5.739814,4.954772,6.351877,2.196624,5.540635,0.500949,4.075656,1,13,60,0,74,74,28,-0.620268,0.102784,73,7183.773634,0.308649,0.016203,1,3.197684,0.163118
PK,Pakistan,Nam A,Chau A khac,0,0,Lower middle income,2,1346.22,235.824862,5708.558413,8.649722,0.113828,-1.333529,91.765309,194.066605,127,32,198.145455,6476.985778,219.160952,22.646205,0.840223,5.294035,27.465237,8.776165,0.929338,5.394359,0.09603,3.163203,0,110,44,0,154,111,128,-1.263398,0.087652,64,4530.267093,-0.07013,0.026176,90,2.338787,0.17454
QA,Qatar,Tay A,Chau A khac,0,0,High income,4,308.522,2.695122,114474.224172,11.648105,0.262066,-0.178791,378.309587,433.155945,69,15,111.561111,971.98437,316.313058,69.420855,41.393715,4.723496,360.645778,6.880368,117.365024,5.759889,25.757964,4.254489,15,350,26,144,535,535,32,-0.002379,0.203341,294,128471.565477,-0.176412,0.058724,241,-1.146951,0.23821
SA,Saudi Arabia,Tay A,Chau A khac,0,0,High income,4,2173.21,36.40882,59689.108298,10.996905,0.288159,-0.041491,377.09389,456.953014,62,13,2751.380972,10920.302443,1103.529532,243.164802,75.569078,7.920222,299.935632,9.298471,30.309401,7.007175,6.678733,5.497843,79,335,77,140,631,630,275,-0.05808,0.222781,414,50890.180315,0.016589,0.065378,217,1.607581,0.238347
SG,Singapore,Dong Nam A,ASEAN khac,1,0,High income,4,766.662,5.637022,136004.791182,11.820445,0.50033,0.543813,350.619727,587.754836,18,5,6084.141769,4734.568129,6052.121164,252.460074,1079.318436,8.713605,839.905917,8.462857,1073.638024,8.708329,44.786072,5.535206,300,505,256,393,1454,1454,356,0.520646,0.513241,1523,104358.972744,0.023168,-0.012911,-69,2.68392,0.225348
SY,Syrian Arab Republic (the),Tay A,Chau A khac,0,0,Low income,1,98.857638,22.125249,4468.091542,8.404717,0.069756,-1.352404,43.357799,126.955056,129,34,13.75,130.524429,138.179188,0.772285,0.621462,2.691243,5.899343,4.879193,6.245317,4.935762,0.034905,0.57227,2,22,19,22,65,65,0,-1.276226,0.057678,48,5574.990599,-0.076179,0.012078,17,-2.188979,0.093363
TH,Thailand,Dong Nam A,ASEAN khac,1,0,Upper middle income,3,1519.48,71.69703,21193.067551,9.961429,0.289552,-0.117344,321.649836,451.12867,67,14,565.044571,3826.760462,1251.731768,220.428612,7.881004,6.338673,53.374044,8.250035,17.458628,7.133082,3.074446,5.4001,15,113,284,40,452,450,185,-0.168512,0.264322,405,18312.239157,0.051169,0.02523,47,1.47177,0.297987
TJ,Tajikistan,Trung A,Chau A khac,0,0,Lower middle income,2,46.466549,9.952787,4668.697206,8.448635,0.042082,-1.616215,19.607538,73.03179,142,41,0.0,31.782259,2.70122,0.860314,0.0,0.0,3.193302,3.489887,0.271403,1.308662,0.086439,0.620745,0,15,12,0,27,27,1,-1.240413,0.033671,17,2856.23403,-0.375802,0.008411,10,5.036488,0.056832
TL,Timor-Leste,Dong Nam A,ASEAN khac,1,0,Lower middle income,2,5.9946,1.341296,4469.259946,8.404978,0.013627,-2.101625,4.031965,20.212159,168,47,0.0,3.697182,0.0,0.121622,0.0,0.0,2.756425,1.546963,0.0,0.0,0.090675,0.114776,0,3,0,0,3,3,0,-2.702306,0.008868,5,4331.661654,0.600681,0.004759,-2,0.313206,0.019324
TM,Turkmenistan,Trung A,Chau A khac,0,0,Upper middle income,3,131.576,6.43077,20460.380328,9.926246,0.017934,-1.499868,3.554673,28.131775,138,38,0.5,2.257634,3.725146,10.004495,0.077751,0.405465,0.351067,1.181001,0.579269,1.552899,1.555723,2.398304,0,0,15,0,15,15,2,-2.208641,0.009165,13,12426.780445,0.708774,0.008769,2,5.112776,0.023837
TR,Turkiye,Tay A,Chau A khac,0,0,Upper middle income,3,2925.19,85.341241,34276.393989,10.442212,0.424048,0.199428,405.065479,562.787923,46,7,3525.253783,10975.905103,3332.880208,194.595963,41.30774,8.167991,128.61197,9.303549,39.053571,8.111892,2.28021,5.276051,93,278,367,248,986,967,540,0.084014,0.374302,800,23623.292364,0.115414,0.049746,186,3.79238,0.247395
UZ,Uzbekistan,Trung A,Chau A khac,0,0,Lower middle income,2,356.797,35.6481,10008.864428,9.211226,0.1069,-0.746925,90.302068,193.327608,98,25,10.5,334.024819,35.340392,9.419033,0.294546,2.442347,9.37006,5.814205,0.991368,3.59293,0.264223,2.343634,0,37,74,6,117,117,8,-1.324622,0.043512,49,6681.105174,0.577697,0.063388,68,4.124673,0.142069
VN,Viet Nam,Dong Nam A,Viet Nam,1,1,Lower middle income,2,1359.36,98.186856,13844.62295,9.535652,0.22541,-0.348213,247.867812,362.302584,81,18,448.030483,2711.780135,817.517361,303.050045,4.563039,6.107091,27.618566,7.905729,8.326138,6.707495,3.086462,5.717192,3,73,219,27,322,316,181,-0.698575,0.161202,187,8352.36385,0.350362,0.064208,135,5.183392,
YE,Yemen,Tay A,Chau A khac,0,0,Low income,1,,33.696614,,,0.052565,-1.60299,27.909743,95.890844,140,40,2.0,218.204811,75.509524,0.544692,0.059353,1.098612,6.475571,5.390007,2.240864,4.337415,0.016165,0.434825,0,25,13,3,41,41,1,-1.462842,0.034758,21,,-0.140148,0.017807,20,,0.078655
