log_id,case_id,variable,raw_value,issue_type,validation_rule,evidence_source,review_result,decision,clean_value,decision_code,rationale,downstream_variables_affected,verified,notes,n_cells_changed
CL001,"ASEAN x linh vuc x {2013,2023}; 35796 o","san_luong_{y}, san_luong_phan_so_{y}",(khong co dong trong outputs),sparse_absence,Quoc gia-nam-chieu co >=1 ban ghi outputs; dong vang mat,Kiem tra L06a/L06b (capabilities x outputs); outputs.parquet,Moi dong vang mat deu co Normalized Capability = 0 va Binary = False; khong co ngoai le,RECODE,0,R,Nguon tinh nang luc nhu san luong = 0 cho cac dong nay; README khong viet ro quy tac -> do tin cay MEDIUM,ln_san_luong_2023; chenh_lech_tiem_nang; flag_phan_so_vuot_toan_phan_*,YES,Xem UD06 (can xac nhan tu nha san xuat du lieu). Phan tich do nhay: coi cac o nay la missing.,35796
CL002,"Panel: sang_che 53, bai_bao_kh 11, nhan_hieu 101 quoc gia-nam; Field: 2036 o (TL: T, E)","sang_che, bai_bao_kh, nhan_hieu, (*_tren_trieu_dan, ln_*); san_luong_*",(khong co ban ghi nao cho ca quoc gia-nam-chieu),no_coverage,Phan biet 'khong co ban ghi' voi 'san luong = 0',06_QC/pre/outputs_no_record_country_year_dim.csv,Khong the phan biet 'khong phat sinh' voi 'khong duoc bao phu',KEEP AS MISSING,NA (o trong),K,MISSING != ZERO. Ban du_lieu_jamovi_jasp truoc day da gan 0 -> da sua o ban nay,"*_tren_trieu_dan, ln_*",YES,Missing tap trung o nuoc nho/thu nhap thap -> FLAG do nhay,0
CL003,"47 nuoc, nam 2023",dan_so (Population),Population_2023 = Population_2022,suspected_carry_forward,L08 (soft plausibility),raw_units_asia.csv,47/47 nuoc trung tuyet doi; nam khac 0 truong hop,KEEP + FLAG (UNRESOLVED),giu nguyen,U,Khong co source evidence (vd WDI) duoc cung cap de thay the; khong doan,"dan_so_trieu, gdp_dau_nguoi (nguon da tinh), *_tren_trieu_dan 2023, tang_truong_gdp_dau_nguoi 2023, tang_truong_gdp_dau_nguoi_bq_10_nam",YES,Bien flag_dan_so_lap_lai = 1 o 47 dong 2023. Xem UD01,0
CL004,47 nuoc x 23 nam,nhom_thu_nhap_hien_hanh (Income Group),Hang so qua 23 nam o ca 47 nuoc,time_invariant_attribute,Phan loai WB thay doi theo nam,06_QC/pre/category_audit.csv,Gia tri hop le nhung la phan loai hien hanh gan nguoc cho moi nam,KEEP; doi ten bien de khong hieu nham,giu nguyen gia tri,F,Dung lam bien thoi gian se sai thoi diem (anachronism),bac_thu_nhap,YES,Xem UD07,0
CL005,"10052 dong (chau A, moi nam); T 7299, E 2753",Outputs (Fractional) vs Outputs,Fractional > Full (toi 8 lan),cross_variable_logic,L04: Fractional <= Full (suy ra tu README),06_QC/pre/violations_L04.csv; fractional_anomaly_share.csv,683 quoc gia-nam-chieu co >10% tong phan so den tu cac dong nay,KEEP + FLAG (UNRESOLVED),giu nguyen,U,Quy tac khong duoc README neu tuong minh; khong xac dinh duoc gia tri dung,"sang_che, nhan_hieu va bien dan xuat; san_luong_phan_so_*",YES,Bien ty_le_bat_thuong_sang_che/_nhan_hieu (panel) va flag_phan_so_vuot_toan_phan_* (field). Xem UD02,0
CL006,134 dong E (chu yeu CN 2019),Outputs (E),so khong nguyen (vd 1308.4),non_integer_count,L05,06_QC/pre/violations_L05.csv,Co the la dem da nguon/da lop; khong xac minh duoc,KEEP + FLAG (UNRESOLVED),giu nguyen,U,"Khong lam tron, khong doan",san_luong_* (E),YES,Xem UD03,0
CL007,"6 dong 2023: OM P-8906, IR P-8406, IN P-1001, QA E-37_1, QA E-43_10, MY P-6215",Absolute/Innovation Capability (Binary),"Absolute=True, Innovation=False",cross_variable_logic,"L03: Innovation = Absolute OR Relative (thuc nghiem 99,9998%)",06_QC/pre/violations_L03.csv,Quy tac khong co trong README,KEEP + FLAG (UNRESOLVED),giu nguyen,U,RULE NOT ESTABLISHED - DO NOT AUTO-CORRECT,so_nang_luc_tuyet_doi; flag_tuyet_doi_khong_nhat_quan_2023,YES,Xem UD04,0
CL008,42 field-year; 1974 dong density (chau A),"mat_do_lien_quan_*, do_phuc_tap_linh_vuc_2023, do_pho_bien_linh_vuc_2023",(khong co dong),structural_missing,L09: thieu density <=> field-year khong co complexity,06_QC/pre/range_logic_audit.csv,100% trung khop,KEEP AS STRUCTURAL MISSING,NA,K,Linh vuc khong duoc tinh do phuc tap trong nam do,khong,YES,,0
CL009,"KP, YE (23 nam)","gdp_ppp_usd, gdp_dau_nguoi",NA,system_missing,,raw_units_asia.csv,Nguon khong co GDP,KEEP MISSING,NA,K,Khong impute,"gdp_ppp_ty_usd, ln_gdp_dau_nguoi, tang_truong_*",YES,,0
CL010,Toan chau A 2022-2023,nhan_hieu,"Tong E: -21,7% (2022), -44,2% (2023); CN -55% (2023)",possible_recency_truncation,Soft plausibility (dut gay chuoi),06_QC/pre/outputs_yoy_change_pct_asia.csv; trademarks_top10_2020_2023.csv,Khong xac minh duoc la thay doi thuc hay do do tre/thay doi nguon,KEEP + FLAG,giu nguyen,F,Khong cat bo; can phan tich do nhay loai 2022-2023 cho chieu E,nhan_hieu va dan xuat,YES,Xem UD05,0
CL011,11 dong fields,ten_linh_vuc,Ten trung giua cac Field ID khac nhau,duplicate_label,Field ID la khoa duy nhat,06_QC/pre/duplicate_field_names.csv,Khac Field ID va/hoac Domain -> la cac linh vuc khac nhau,KEEP,giu nguyen,K,Khong gop; dung ma_linh_vuc de nhan dien,,YES,,0
CL012,"Turkiye (23 dong), 1 ten linh vuc co dau nhay cong","ten_qg, ten_linh_vuc",ky tu Unicode,encoding,UTF-8 hop le,06_QC/pre/structural_audit.csv,Ma hoa hop le,KEEP,giu nguyen (UTF-8),K,Ban du_lieu_jamovi_jasp truoc day da bo dau (ASCII) -> hoan nguyen,,YES,,0
CL013,Toan bo field-level,"co_nang_luc_*, nang_luc_tuong_doi_*, nang_luc_tuyet_doi_*",True/False,type_conversion,"Bao toan gia tri: True=1, False=0",README,Khong mat thong tin,RECODE (dinh dang),1/0,R,jamovi/JASP doc 0/1 on dinh hon,"gia_nhap_moi, roi_bo",YES,"Thay doi bieu dien, khong thay doi gia tri -> khong tinh la changed cell trong diff",0
CL014,Moi bien,Ten bien,Ten tieng Anh co khoang trang,rename,Anh xa 1-1 trong 03_DATA_DICTIONARY (cot raw_source),03_DATA_DICTIONARY.csv,,RENAME,snake_case,R,Tranh loi ten bien trong jamovi/JASP,,YES,,0
CL015,VN,tuong_dong_voi_viet_nam,cap VN-VN,structural_missing,Proximity voi chinh minh khong co nghia,raw_unit_proximities_vn.csv,,NA o dong VN,NA,K,Missing cau truc,,YES,,0
CL016,Cross-section 2023,"eci, do_da_dang, coi, goi, ln_gdp_dau_nguoi, thay_doi_eci_10_nam, ln_sang_che_tren_trieu_dan, ln_bai_bao_kh_tren_trieu_dan, ln_nhan_hieu_tren_trieu_dan, ln_xuat_khau_ty_usd_tren_trieu_dan",,outlier,|robust z| > 3.5 (Iglewicz & Hoaglin 1993),02_CLEAN/.../2_chau_a_cat_ngang_2023.csv (flag_ngoai_lai),,KEEP + FLAG,giu nguyen,F,OUTLIER != ERROR; dung cho phan tich do nhay,"flag_ngoai_lai, bien_ngoai_lai",YES,,0
CL017,47 nuoc,"tieu_vung, asean_hien_nay, asean_thoi_diem, nhom",(bien moi),derived_classification,UN M49; ASEAN Secretariat (nam gia nhap),scripts/common.py,TL gia nhap 2025 -> asean_thoi_diem = 0 cho 2001-2023,DERIVE,,R,"Phan loai co nguon ben ngoai, khong tu dat",,YES,,0
CL018,"coi, goi","coi, goi",thang do -22..498 / 4..675,documentation_mismatch,README vi du 0.75 / 0.82,README.md,Vi du README khong khop thang do du lieu,KEEP,giu nguyen,K,RULE NOT ESTABLISHED - DO NOT AUTO-CORRECT; can than khi dien giai do lon,,YES,,0
