dataset,variable,N_valid,Missing,Mean,SD (n-1),Median,Min,Max
cross,eci,47,0,-0.7155416947292088,0.8470745687028504,-0.6411140840572203,-2.101624900475103,0.9903631473421762
cross,do_da_dang,47,0,0.1864634254508809,0.14634473522111247,0.15445499220079165,0.013626728668071334,0.5003297740396992
cross,gdp_dau_nguoi,45,2,28364.953243752097,29090.035016302,16618.0280511281,1999.536480873693,136004.7911822945
cross,ln_gdp_dau_nguoi,45,2,9.804013346133813,0.9756886688411031,9.718243412220138,7.600670673118532,11.820445393379229
cross,thay_doi_eci_10_nam,47,0,0.04820024297969967,0.35656896766338525,0.042901323770596106,-0.7678200724084413,0.7087738141575932
cross,tuong_dong_voi_viet_nam,46,1,0.16894250560997787,0.08032635585170846,0.20026748672648015,0.019324375401190003,0.2979872005478029
cross,sang_che,45,2,16404.679287562572,59269.63213755611,83.09047619047617,0.5,285985.03513828863
cross,nhan_hieu,44,3,3177.6404301462007,12933.922590791475,131.55514116026131,1.6666666666666665,84524.90347277872
panel,eci,1081,0,-0.7696411039607667,0.8612926627485112,-0.6759332765670426,-3.0639612205935527,1.105866056577475
panel,do_da_dang,1081,0,0.15067946170901306,0.14039133340616394,0.10036023407162185,0.003742579263993688,0.517815604809976
panel,ln_gdp_dau_nguoi,1035,46,9.542113053311958,1.0499714613422297,9.487514405168865,7.2910229819685615,11.820445393379229
panel,sang_che,1028,53,10852.715109552457,45531.823127259675,78.86399572649572,0.25,321984.92454226286
panel,nhan_hieu,980,101,2155.2287981741993,12996.75924653638,108.28581157972462,0.3333333333333333,249271.36957711965
panel,so_nang_luc_tong,1081,0,316.3098982423682,475.3462316935598,95.0,0.0,2322.0
vn,mat_do_lien_quan_2013,2508,0,0.14727024869426283,0.04886422146443822,0.14131524953070157,0.038651249149880905,0.9214099273062311
vn,do_phuc_tap_linh_vuc_2023,2507,1,0.48011069832924,2.123228918666229,0.8846016912451943,-10.602652253034732,6.163911244604097
vn,san_luong_2023,2508,0,120833358.42195025,1394197366.281355,11.0,0.0,59427265089.276024
