Period,Unit 1,Unit 2,Proximity,__index_level_0__
2023,AD,VN,0.17429599071377402,186
2023,AE,VN,0.2580308307585597,379
2023,AF,VN,0.040616967842322306,572
2023,AG,VN,0.09709736382807116,765
2023,AL,VN,0.2178908687459582,958
2023,AM,VN,0.21938639495579684,1151
2023,AO,VN,0.023066388916390974,1344
2023,AR,VN,0.20069723012478297,1537
2023,AT,VN,0.21622975800608257,1730
2023,AU,VN,0.20220898274303145,1923
2023,AZ,VN,0.09940112376425203,2116
2023,BA,VN,0.28793299080845636,2309
2023,BB,VN,0.17585060053566992,2502
2023,BD,VN,0.13721924259669255,2695
2023,BE,VN,0.2190302434060483,2888
2023,BF,VN,0.04971100247463506,3081
2023,BG,VN,0.25115012312944923,3274
2023,BH,VN,0.22547383453870015,3467
2023,BI,VN,0.028521783222442715,3660
2023,BJ,VN,0.06572059364358038,3853
2023,BN,VN,0.15821904534333017,4046
2023,BO,VN,0.05648496323597924,4239
2023,BR,VN,0.22667899695154145,4432
2023,BS,VN,0.10730188118407125,4625
2023,BT,VN,0.04438369556583199,4818
2023,BW,VN,0.09387764449067934,5011
2023,BY,VN,0.20321886741503187,5204
2023,BZ,VN,0.08150354092115251,5397
2023,CA,VN,0.21151158396677353,5590
2023,CD,VN,0.02028653924757226,5783
2023,CF,VN,0.01716079853136574,5976
2023,CG,VN,0.052221088460595096,6169
2023,CH,VN,0.20751087874334562,6362
2023,CI,VN,0.09279374123145204,6555
2023,CL,VN,0.2291586834916798,6748
2023,CM,VN,0.09207251910548746,6941
2023,CN,VN,0.2501544297132525,7134
2023,CO,VN,0.23775065775852938,7327
2023,CR,VN,0.20179580176504242,7520
2023,CU,VN,0.05869932449080096,7713
2023,CV,VN,0.04471447496174713,7906
2023,CY,VN,0.23966713810475876,8099
2023,CZ,VN,0.23266619773212424,8292
2023,DE,VN,0.21324067906286556,8485
2023,DJ,VN,0.10651564750235192,8678
2023,DK,VN,0.23030942127068352,8871
2023,DM,VN,0.07340327433699424,9064
2023,DO,VN,0.13845680621638187,9257
2023,DZ,VN,0.09612354046077932,9450
2023,EC,VN,0.17304535873901214,9643
2023,EE,VN,0.2470113311588088,9836
2023,EG,VN,0.23377517329526978,10029
2023,ER,VN,0.015893265768429327,10222
2023,ES,VN,0.22877393717448943,10415
2023,ET,VN,0.0875655522913102,10608
2023,FI,VN,0.21308204622355664,10801
2023,FJ,VN,0.1585343895892291,10994
2023,FM,VN,0.01821589443143257,11187
2023,FR,VN,0.21334375679161058,11380
2023,GA,VN,0.04642728196937221,11573
2023,GB,VN,0.20965192480829922,11766
2023,GD,VN,0.06318092733654511,11959
2023,GE,VN,0.20161848175158353,12152
2023,GH,VN,0.13682310871627473,12345
2023,GM,VN,0.09752786676029254,12538
2023,GN,VN,0.043737213378422304,12731
2023,GQ,VN,0.006008920148342219,12924
2023,GR,VN,0.25459246052981677,13117
2023,GT,VN,0.16331217604761003,13310
2023,GW,VN,0.01843129441914446,13503
2023,GY,VN,0.05346546240378412,13696
2023,HN,VN,0.12196744337712173,13889
2023,HR,VN,0.25827327784898846,14082
2023,HT,VN,0.03898513652318652,14275
2023,HU,VN,0.24470917715755827,14468
2023,ID,VN,0.23078703632740666,14661
2023,IE,VN,0.21688439409215943,14854
2023,IL,VN,0.2112890722121184,15047
2023,IN,VN,0.21370343690452528,15240
2023,IQ,VN,0.10840819044199138,15433
2023,IR,VN,0.23272805810459804,15626
2023,IS,VN,0.22389188639633878,15819
2023,IT,VN,0.2233103058288004,16012
2023,JM,VN,0.08665666076389675,16205
2023,JO,VN,0.28612454771820534,16398
2023,JP,VN,0.1989164917013768,16591
2023,KE,VN,0.12838554012541842,16784
2023,KG,VN,0.11305923209411578,16977
2023,KH,VN,0.1578000617998823,17170
2023,KI,VN,0.012678754360098495,17363
2023,KM,VN,0.013941283617171573,17556
2023,KN,VN,0.09518450724716579,17749
2023,KP,VN,0.030192753610890605,17942
2023,KR,VN,0.22131355972489905,18135
2023,KW,VN,0.22546403467296575,18328
2023,KZ,VN,0.23452527936376413,18521
2023,LA,VN,0.09068948624836963,18714
2023,LB,VN,0.26816798793253,18907
2023,LC,VN,0.07984475748097021,19100
2023,LI,VN,0.1589941477655979,19293
2023,LK,VN,0.21274780596040935,19486
2023,LR,VN,0.033206868197931345,19679
2023,LS,VN,0.06577330073181867,19872
2023,LT,VN,0.25718082044791424,20065
2023,LU,VN,0.22402512964453092,20258
2023,LV,VN,0.25720990701390983,20451
2023,LY,VN,0.07754985716265354,20644
2023,MA,VN,0.257661264769739,20837
2023,MC,VN,0.15795878165266913,21030
2023,MD,VN,0.19734113127530672,21223
2023,ME,VN,0.12834612598665704,21416
2023,MG,VN,0.0632054045094196,21609
2023,MH,VN,0.06351384442211289,21802
2023,MK,VN,0.25295088759748025,21995
2023,ML,VN,0.044689568520667904,22188
2023,MM,VN,0.08922114019852166,22381
2023,MN,VN,0.1408973281171503,22574
2023,MR,VN,0.034131570587433525,22767
2023,MT,VN,0.23200978703611821,22960
2023,MU,VN,0.24926453048131778,23153
2023,MV,VN,0.04456387840331023,23346
2023,MW,VN,0.048665874541896414,23539
2023,MX,VN,0.27414789514261373,23732
2023,MY,VN,0.26446736911980023,23925
2023,MZ,VN,0.04788116830971342,24118
2023,NA,VN,0.11765598469207678,24311
2023,NE,VN,0.02070526024936303,24504
2023,NG,VN,0.08623291620067183,24697
2023,NI,VN,0.0888871292041681,24890
2023,NL,VN,0.22315944551497893,25083
2023,NO,VN,0.21249994124641178,25276
2023,NP,VN,0.10092007260651167,25469
2023,NR,VN,0.03371515647529303,25662
2023,NZ,VN,0.219856409348998,25855
2023,OM,VN,0.2221713605292833,26048
2023,PA,VN,0.18622873618035324,26241
2023,PE,VN,0.20022166292280533,26434
2023,PG,VN,0.030427249360885512,26627
2023,PH,VN,0.16311834454290977,26820
2023,PK,VN,0.1745396830383211,27013
2023,PL,VN,0.24409506108501894,27206
2023,PT,VN,0.25216330323751607,27399
2023,PW,VN,0.016681066390760925,27592
2023,PY,VN,0.106847178923255,27785
2023,QA,VN,0.23821010585439112,27978
2023,RO,VN,0.26278452644267747,28171
2023,RS,VN,0.26448750881770966,28364
2023,RU,VN,0.21300099389001986,28557
2023,RW,VN,0.07255731504383049,28750
2023,SA,VN,0.23834735597542311,28943
2023,SB,VN,0.038017101024102544,29136
2023,SC,VN,0.14224567244379344,29329
2023,SD,VN,0.04636026743885992,29522
2023,SE,VN,0.21789961604078154,29715
2023,SG,VN,0.22534804506931727,29908
2023,SI,VN,0.24020788764725182,30101
2023,SK,VN,0.24627188924005303,30294
2023,SL,VN,0.034918135788400986,30487
2023,SM,VN,0.16911743490247402,30680
2023,SN,VN,0.10566934728931915,30873
2023,SO,VN,0.02781617341568165,31066
2023,SR,VN,0.06024261575416586,31259
2023,SS,VN,0.017977547084724477,31452
2023,ST,VN,0.03119048144576691,31645
2023,SV,VN,0.14469729662952918,31838
2023,SY,VN,0.0933629130044368,32031
2023,SZ,VN,0.08167783763757701,32224
2023,TD,VN,0.01066434866215074,32417
2023,TG,VN,0.07614342081763618,32610
2023,TH,VN,0.2979872005478029,32803
2023,TJ,VN,0.05683176450020472,32996
2023,TL,VN,0.019324375401190003,33189
2023,TM,VN,0.0238374153155075,33382
2023,TN,VN,0.2998921131730789,33575
2023,TO,VN,0.0302455442921102,33768
2023,TR,VN,0.24739488395840684,33961
2023,TT,VN,0.12859269829722494,34154
2023,TV,VN,0.011456435773940997,34347
2023,TZ,VN,0.08250089348831154,34540
2023,UA,VN,0.23783769171409738,34733
2023,UG,VN,0.08220716030540753,34926
2023,US,VN,0.2056946430565301,35119
2023,UY,VN,0.21706836242663236,35312
2023,UZ,VN,0.14206917582597772,35505
2023,VC,VN,0.06399430130244495,35698
2023,VE,VN,0.06408360959958223,35891
2023,VN,VN,0.4385046665475778,36084
2023,VN,VU,0.027915120158310373,36085
2023,VN,WS,0.09731309107636461,36086
2023,VN,YE,0.07865462629738719,36087
2023,VN,ZA,0.24184348684659024,36088
2023,VN,ZM,0.07115211648541683,36089
2023,VN,ZW,0.07277367881651785,36090
