ma_qg,ten_qg,chau_luc_nguon,tieu_vung,nhom,asean_hien_nay,asean_thoi_diem,viet_nam,nhom_thu_nhap_hien_hanh,bac_thu_nhap,gdp_ppp_usd,dan_so,gdp_dau_nguoi,gdp_ppp_ty_usd,dan_so_trieu,ln_gdp_dau_nguoi,do_da_dang,eci,coi,goi,hang_eci_the_gioi,hang_eci_chau_a,sang_che,sang_che_tren_trieu_dan,ln_sang_che,bai_bao_kh,bai_bao_kh_tren_trieu_dan,ln_bai_bao_kh,nhan_hieu,nhan_hieu_tren_trieu_dan,ln_nhan_hieu,xuat_khau_ty_usd,xuat_khau_ty_usd_tren_trieu_dan,ln_xuat_khau_ty_usd,so_nang_luc_cong_nghe,so_nang_luc_khoa_hoc,so_nang_luc_san_xuat,so_nang_luc_khoi_nghiep,so_nang_luc_tong,so_nang_luc_tuong_doi,so_nang_luc_tuyet_doi,flag_dan_so_lap_lai,ty_le_bat_thuong_sang_che,ty_le_bat_thuong_nhan_hieu,eci_2013,do_da_dang_2013,so_nang_luc_tong_2013,gdp_dau_nguoi_2013,thay_doi_eci_10_nam,thay_doi_do_da_dang_10_nam,thay_doi_so_nang_luc_10_nam,tang_truong_gdp_dau_nguoi_bq_10_nam,tuong_dong_voi_viet_nam,flag_ngoai_lai,bien_ngoai_lai
AE,United Arab Emirates (the),West and Central Asia,Tay A,Chau A khac,0,0,0,High income,4,718950000000.0,9441129.0,76150.85017904108,718.95,9.441129,11.240471522792056,0.44733936247693296,0.06620627926926777,477.85357408770204,561.3947698779484,53,9,602.7964188589189,63.84791679670078,6.403237086249716,2489.9757177656425,263.73707188680953,7.820429767228174,2920.531886963623,309.3413814135601,7.979863376521141,213.88319315010366,22.65440850878149,5.370094592819504,96,382,342,322,1142,1142,193,1,0.12723612696666053,0.0,0.12487358015357833,0.3571907943096173,779,61361.56173662542,-0.05866730088431056,0.09014856816731565,363,2.1828085161640587,0.2580308307585597,0,khong
AF,Afghanistan,West and Central Asia,Nam A,Chau A khac,0,0,0,Low income,1,82238478028.0,41128771.0,1999.536480873693,82.238478028,41.128771,7.600670673118532,0.03317807484772374,-1.993675240594039,2.2944485645180794,52.82730752284481,163,46,3.0,0.07294163980732611,1.3862943611198906,73.2531545392273,1.7810684043835712,4.30748026215713,14.734591194968553,0.35825508121719835,2.7558615495604095,0.9594768078385566,0.023328603906947683,0.6726775028327505,0,5,17,0,22,22,0,1,0.0,0.0,-1.89800685483756,0.01888866443797112,20,3054.451570832304,-0.09566838575647907,0.01428941040975262,2,-4.1483465622952576,0.040616967842322306,0,khong
AM,Armenia,West and Central Asia,Tay A,Chau A khac,0,0,0,Upper middle income,3,57515575061.0,2780469.0,20685.566018178946,57.515575061,2.780469,9.93719144222328,0.19988668759994474,0.03261228420060007,229.4319961443947,348.8247148442953,56,10,77.60277777777779,27.90995971463008,4.364407039494889,98.25295103876373,35.3368266428303,4.597671652513319,73.30353922161285,26.36373188178428,4.308158584796681,5.400615342102923,1.9423397067555592,1.8563941329473617,28,21,45,32,126,126,1,1,0.22247164964708013,0.0,-0.33135552904911636,0.10379346777786887,71,12700.942920019232,0.36396781324971644,0.09609321982207587,55,4.998512004802813,0.21938639495579684,0,khong
AZ,Azerbaijan,West and Central Asia,Tay A,Chau A khac,0,0,0,Upper middle income,3,216388000000.0,10175016.0,21266.600465296564,216.388,10.175016,9.964893067742837,0.0785922366343694,-1.2124356020710476,59.19100907744436,144.6977107115454,124,30,19.333333333333332,1.9000789122428243,3.0122615755052013,158.65476436498005,15.592581315349289,5.07301376127724,14.898737373737374,1.464247070838746,2.76623969561624,20.362264400731984,2.001202199655704,3.0616260197434206,6,43,29,1,79,79,2,1,0.06034482758620688,0.0,-0.4446155296626063,0.06853485371362396,53,20398.64705646854,-0.7678200724084413,0.010057382920745442,26,0.41756147739004934,0.09940112376425203,0,khong
BD,Bangladesh,West and Central Asia,Nam A,Chau A khac,0,0,0,Lower middle income,2,1413300000000.0,171186372.0,8255.914203263797,1413.3,171.186372,9.01868509562081,0.07879913561608314,-1.5897758748095763,47.45386211617454,131.848612707535,139,39,144.1940476190476,0.8423220022388676,4.978071107191227,2551.742017014315,14.90622172315396,7.8449233612206175,23.453174603174602,0.13700374819074151,3.196760048112955,35.531515142785324,0.20756041925338148,3.598175316617885,0,26,36,0,62,58,46,1,0.028951286433350123,0.0,-1.5989864804173581,0.055391969016352,46,4901.066797063658,0.009210605607781863,0.023407166599731133,16,5.353132933407934,0.13721924259669255,0,khong
BH,Bahrain,West and Central Asia,Tay A,Chau A khac,0,0,0,High income,4,91185401848.0,1472233.0,61936.80066130836,91.185401848,1.472233,11.033869799970187,0.1796153895979688,-0.6411140840572203,228.64785077122608,308.1227496334103,95,24,11.2,7.607491477232204,2.501435951739211,165.4689373210066,112.39317235859174,5.114808729378928,79.03616145672362,53.68454684599763,4.382478550753471,12.121828214594304,8.23363435991063,2.574277119432809,0,59,66,17,142,142,8,1,0.0,0.06326218161211888,-0.6509280468149969,0.1568387565084559,101,55004.114963227395,0.009813962757776684,0.022776633089512888,41,1.194138791108279,0.22547383453870015,0,khong
BN,Brunei Darussalam,East Asia,Dong Nam A,ASEAN khac,1,1,0,High income,4,35163158529.0,449002.0,78314.03541409616,35.163158529,0.449002,11.268482117691667,0.106815897461632,-1.3184928977770374,121.47722915422968,179.1839965214537,126,31,2.583333333333333,5.753500726797059,1.276293465905562,159.461533061166,355.14659859235815,5.078054244443935,5.069097569097569,11.28969930890635,1.8032099233594499,8.712546263972609,19.404248230459125,2.2734184790258043,0,46,8,0,54,54,1,1,0.0,0.0,-0.6759332765670426,0.06969591727045045,16,86501.47047864717,-0.6425596212099948,0.037119980191181554,38,-0.9894184759312807,0.15821904534333017,0,khong
BT,Bhutan,West and Central Asia,Nam A,Chau A khac,0,0,0,Lower middle income,2,11516817216.0,782455.0,14718.82372277,11.516817216,0.782455,9.596882478951974,0.0355939105916241,-1.914295817799527,18.744221903730143,54.8424112147774,158,43,1.9999999999999984,2.556057536855153,1.0986122886681091,15.075773260555868,19.267271933281616,2.777313372267277,,,,0.26431021549745176,0.3377960591950358,0.23452668926625483,1,4,4,0,9,9,0,1,0.0,,-2.406170683049485,0.024212094570937107,6,11156.85459788802,0.4918748652499578,0.011381816020686997,3,2.8094730296218673,0.04438369556583199,0,khong
CN,China,East Asia,Dong A,Chau A khac,0,0,0,Upper middle income,3,32004900000000.0,1412175000.0,22663.550905518085,32004.9,1412.175,10.028513225990963,0.4260946659178911,0.6248251477018101,320.238493606578,548.4825252098925,12,4,252632.17575064074,178.8957995649553,12.439693817371323,283330.8572136939,200.6343811593421,12.554374129950796,84524.90347277872,59.85441143822736,11.344813316342135,2513.1103082480035,1.7796026046686875,7.829674265772327,471,607,719,521,2318,950,2318,1,0.2002486218460065,0.0,0.4063138220832305,0.33530419359103586,2031,13080.822158974208,0.21851132561857955,0.09079047232685522,287,5.649948929063386,0.2501544297132525,0,khong
CY,Cyprus,West and Central Asia,Tay A,Chau A khac,0,0,0,High income,4,48389097653.0,1251488.0,38665.25100760055,48.389097653,1.251488,10.562696568877762,0.36020157047774304,-0.011287959320745132,435.2651127138683,528.9193850102072,60,12,152.54999999999998,121.89489631542611,5.034026246886831,773.5053460458679,618.0685280608907,6.652224562410076,1375.6867250613657,1099.2408437486943,7.227434967443317,3.757694358764679,3.0025812143342,1.5597631724834287,18,330,27,340,715,715,73,1,0.2542734610027699,0.0,0.214620152589253,0.37328928197731154,717,27104.875797793942,-0.22590811190999813,-0.0130877114995685,-2,3.6161237049867845,0.23966713810475876,0,khong
GE,Georgia,West and Central Asia,Tay A,Chau A khac,0,0,0,Upper middle income,3,83934727816.0,3712502.0,22608.668713444466,83.934727816,3.712502,10.026088683107025,0.17416350477572437,-0.4436810120226737,187.8633704207055,303.7147005323609,84,19,56.11282051282051,15.114556305375865,4.045028618829353,89.93013243339342,24.223591646117207,4.510091436169109,65.3151221694967,17.593289423008176,4.194417958204993,4.181711981401017,1.1263864588897237,1.6451355000088104,16,36,37,18,107,107,2,1,0.18868237068177662,0.0,-0.6953150524054452,0.10911515742974515,48,13913.001824530862,0.25163404038277154,0.06504834734597922,59,4.974886756232144,0.20161848175158353,0,khong
ID,Indonesia,East Asia,Dong Nam A,ASEAN khac,1,1,0,Upper middle income,3,3905720000000.0,275501339.0,14176.773202543309,3905.72,275.501339,9.559360214426244,0.15445499220079165,-0.6354048551867459,135.1843475809036,264.76287495456563,93,23,344.5885300284007,1.2507689845688945,5.845248847803918,4157.378571811128,15.090230003604912,8.33288051088509,630.9362473671648,2.290138587555703,6.448788514639648,191.76331364848562,0.6960522019404256,5.261463082164352,0,71,131,1,203,162,182,1,0.21941178477366186,0.014033377704346891,-0.8249404650779331,0.11956420850942844,131,10224.777864589558,0.18953560989118712,0.03489078369136321,72,3.3218921794108347,0.23078703632740666,0,khong
IL,Israel,West and Central Asia,Tay A,Chau A khac,0,0,0,High income,4,468095000000.0,9550600.0,49012.10395158419,468.095,9.5506,10.799822566008576,0.4442367315050745,0.5372513317196685,333.44657780622697,596.4774985654478,20,6,15873.813349302745,1662.0749847447016,9.672489066167536,3572.6010520692157,374.07084916855655,8.18132906443825,1651.638442469521,172.93556870453386,7.410128345807933,45.431131244142236,4.756887655659565,3.8379701662437915,316,439,219,233,1207,1207,91,1,0.12070443032312402,0.001937470040486208,0.41753006841125234,0.45172992349414176,1273,40148.76853402817,0.1197212633084162,-0.007493191989067283,-66,2.014783378095486,0.2112890722121184,0,khong
IN,India,West and Central Asia,Nam A,Chau A khac,0,0,0,Lower middle income,2,13376600000000.0,1417173173.0,9438.931144655531,13376.6,1417.173173,9.152598026527231,0.17922279680662329,0.011679976470167623,189.47459663084155,315.82232332336855,58,11,22902.22892371831,16.160501313496365,10.039033180638354,42480.73080223774,29.97568089177888,10.656829399017958,3441.3105319176907,2.4282921787411587,8.143898191155762,317.06170289706245,0.22372827043139523,5.762245398225455,93,439,246,50,828,86,829,1,0.0063513593385289245,0.0,-0.2224077011494638,0.1544015791305502,585,5753.098550384308,0.23408767761963142,0.024821217676073093,243,5.075653679072456,0.21370343690452528,0,khong
IQ,Iraq,West and Central Asia,Tay A,Chau A khac,0,0,0,Upper middle income,3,595082000000.0,44496122.0,13373.794687096552,595.082,44.496122,9.501052450850846,0.08141921883512074,-1.403165509244002,78.01932903192309,149.9577288318424,131,35,16.242424242424242,0.3650301085210132,2.8473728726598506,2357.9961459588026,52.99329559458693,7.765991445645765,28.0,0.6292683214056272,3.367295829986474,74.16218626843762,1.6667112308896856,4.319648262313239,0,112,7,0,119,119,15,1,0.0,0.21428571428571427,-0.8339667666025166,0.037039397146035616,25,13635.723103112017,-0.5691987426414855,0.04437982168908512,94,-0.19377078042732698,0.10840819044199138,0,khong
IR,Iran (Islamic Republic of),West and Central Asia,Nam A,Chau A khac,0,0,0,Upper middle income,3,1441770000000.0,88550570.0,16281.882770489225,1441.77,88.55057,9.697808282162617,0.19507839660752846,-0.6330961057092184,240.55485527651666,328.678568957138,92,22,808.5823593073593,9.131306092183928,6.696518508902725,13724.509274969269,154.9906372705367,9.527011371333725,171.42392071827445,1.935887264399026,5.149956099870619,8.999440660375056,0.10163052208896066,2.302529157467189,5,238,57,3,303,284,158,1,0.036012690033345396,0.012500339123492618,-0.4758422085733237,0.17819465569911355,289,14148.93152758855,-0.15725389713589466,0.016883740908414907,14,1.4140432567564698,0.23272805810459804,0,khong
JO,Jordan,West and Central Asia,Tay A,Chau A khac,0,0,0,Lower middle income,2,107315000000.0,11285869.0,9508.793695904144,107.315,11.285869,9.159972301637263,0.2235808965395745,-0.7519981657018969,287.54234073679356,362.66320174392285,99,26,128.83982683982686,11.416030687563966,4.866301589562708,1467.0960348640353,129.994069119891,7.291721625879452,303.75861378189654,26.914951235203645,5.719520033037884,9.41965787766845,0.8346417876787734,2.3436942025490053,18,273,97,65,453,453,28,1,0.12438176197836166,0.13374739425856694,-0.6015940322093406,0.20098539589064376,311,11216.174037215194,-0.15040413349255632,0.022595500648930733,142,-1.6378374134552898,0.28612454771820534,0,khong
JP,Japan,East Asia,Dong A,Chau A khac,0,0,0,High income,4,5710170000000.0,125124989.0,45635.728287656435,5710.17,125.124989,10.72844620379496,0.49120474315643714,0.9903631473421762,157.4807742873338,601.7963953229734,1,1,285985.03513828863,2285.594887351308,12.563698260422052,18539.298990522228,148.16623872408275,9.827701965770945,16464.818240514756,131.58697053323823,9.709041889325126,528.3721928144723,4.222755158959274,6.271691762562455,464,319,354,506,1643,1432,1525,1,0.2694673748236305,0.0,0.9039497301740211,0.4768322901100992,1691,42492.21232688611,0.0864134171681551,0.01437245304633794,-48,0.7162539661305312,0.1989164917013768,0,khong
KG,Kyrgyzstan,West and Central Asia,Trung A,Chau A khac,0,0,0,Lower middle income,2,46686361488.0,6803300.0,6862.311156056619,46.686361488,6.8033,8.833799567196037,0.07709013257205109,-1.3443630076859578,37.24996994992395,127.01420213934527,128,33,8.277777777777777,1.2167297896282359,2.2276220545205905,27.60477102058125,4.057556042006269,3.3535735228145236,5.0,0.7349374568224244,1.791759469228055,1.6901741207429373,0.2484344539771783,0.989605920419643,0,8,26,0,34,34,1,1,0.453020134228188,0.0,-0.8963944207448269,0.0643062060045504,30,5473.061392754738,-0.44796858694113095,0.012783926567500686,4,2.287840209555192,0.11305923209411578,0,khong
KH,Cambodia,East Asia,Dong Nam A,ASEAN khac,1,1,0,Lower middle income,2,116658000000.0,16767842.0,6957.24589962143,116.658,16.767842,8.847538970939567,0.0840311690418716,-1.4747559692026764,48.19676846665823,129.06545912792478,136,36,18.750000000000014,1.1182118724639707,2.9831534913471316,76.0674151111651,4.536505956530667,4.344680559733021,11.25,0.6709271234783819,2.505525936990736,18.14484056957508,1.0821213946061203,2.952033257371736,1,31,88,0,120,120,12,1,0.6105750292454152,0.19555555555555557,-2.113433891853518,0.05615968844595463,78,4469.641129282532,0.6386779226508414,0.02787148059591698,42,4.524107969544677,0.1578000617998823,0,khong
KP,Democratic People's Republic of Korea,East Asia,Dong A,Chau A khac,0,0,0,Low income,1,,26069416.0,,,26.069416,,0.02964369929863756,0.6359471210817731,52.050705910267226,63.178940979946326,11,3,83.09047619047617,3.1872780038676805,4.431893316695655,5.146464646464646,0.19741388324405296,1.8158770622929918,36.13051948051948,1.385935131056234,3.6144392589480927,0.23659922576558828,0.009075739393839443,0.21236505204282127,1,2,3,4,10,10,0,1,0.2531377156284027,0.0,0.143941874578325,0.04606719435536525,38,,0.4920052465034481,-0.01642349505672769,-28,,0.030192753610890605,0,khong
KR,Republic of Korea (the),East Asia,Dong A,Chau A khac,0,0,0,High income,4,2607050000000.0,51628117.0,50496.70899289238,2607.05,51.628117,10.829663444682318,0.49813997250224695,0.7441880044893159,269.92991022964344,586.6738879945439,4,2,142228.4096163651,2754.8633938434186,11.86519659364773,21591.26798927581,418.2075435615017,9.98009056612859,11929.923745939013,231.07415956965878,9.38688894260058,513.7329304556075,9.950642407810601,6.243648184514176,401,443,329,432,1605,1482,1314,1,0.41837126925922,0.0,0.6580463349997463,0.47184407208860535,1318,40483.33958074392,0.08614166948956958,0.026295900413641604,287,2.2347817850469243,0.22131355972489905,0,khong
KW,Kuwait,West and Central Asia,Tay A,Chau A khac,0,0,0,High income,4,231884000000.0,4268873.0,54319.72326185389,231.884,4.268873,10.902642667629282,0.1880760573329334,-0.5873077834970835,259.4897583164879,328.29840585336086,90,21,34.3,8.034907573966242,3.563882963939251,427.5079851007283,100.14539788387434,6.060309372871739,290.9295345758005,68.15136795491469,5.67651245320005,45.83835025884426,10.737810719326683,3.8467023173330817,5,155,43,40,243,243,7,1,0.0631681243926142,0.3066205017740131,-0.11477995161437071,0.1667805295858745,145,60083.61949673634,-0.47252783188271275,0.021295527747058896,98,-1.0034303210462947,0.22546403467296575,0,khong
KZ,Kazakhstan,West and Central Asia,Trung A,Chau A khac,0,0,0,Upper middle income,3,705520000000.0,19621972.0,35955.61139318719,705.52,19.621972,10.49004043979161,0.21638464238055338,-0.21634804364662272,244.02047491877457,384.63835426100394,71,16,63.34761904761905,3.2284022751443664,4.164299933320617,685.3155611434644,34.9259269732657,6.53133752362441,124.93109403078667,6.366897987153721,4.835734884590489,55.258582817740354,2.8161584787574028,4.029958612871358,9,111,79,126,325,325,24,1,0.09997744869578291,0.0,-0.2592493674172188,0.13135773656212746,176,31100.314865072458,0.042901323770596106,0.08502690581842592,149,1.4612454889262994,0.23452527936376413,0,khong
LA,Lao People's Democratic Republic (the),East Asia,Dong Nam A,ASEAN khac,1,1,0,Lower middle income,2,64172516512.0,7529475.0,8522.840770704464,64.172516512,7.529475,9.050504988041606,0.05018640312447992,-1.9156686591399406,1.3297205712428177,70.91281997388502,160,44,5.476190476190475,0.7273004394317633,1.868132448012629,25.395159863866958,3.372766343452493,3.273180654853827,1.6666666666666665,0.22135230765314534,0.9808292530117262,5.485333939703469,0.7285147954808893,1.8695433106143269,0,11,42,0,53,53,7,1,0.0,0.0,-2.1539025362264694,0.044889064412106654,44,5984.1068978305775,0.23823387708652888,0.005297338712373263,9,3.599701282590684,0.09068948624836963,0,khong
LB,Lebanon,West and Central Asia,Tay A,Chau A khac,0,0,0,Lower middle income,2,65415227251.0,5489739.0,11915.908434080382,65.415227251,5.489739,9.385629629520365,0.25021288362598404,-0.5542868073145589,330.414217725561,401.2203079606221,87,20,138.93373015873013,25.307893537148146,4.9411689545319115,753.6295242614556,137.27966379848942,6.626226932475733,159.58556258538928,29.06979049193218,5.078826900743123,2.9374405920087363,0.5350783693011154,1.3705309162941173,21,268,40,72,401,401,5,1,0.15793290633699303,0.03759738602161825,-0.41636284726343864,0.23705133258516417,256,16582.972637070423,-0.1379239600511203,0.013161551040819869,145,-3.2510016751510107,0.26816798793253,0,khong
LK,Sri Lanka,West and Central Asia,Nam A,Chau A khac,0,0,0,Lower middle income,2,287031000000.0,22181000.0,12940.399440962987,287.031,22.181,9.468109436277302,0.13708019457799128,-0.9994846882240543,120.03874171733467,227.53119659514184,111,27,145.24955461205462,6.548377197243344,4.985314440719668,387.6516767383532,17.476744814857454,5.962683509930021,103.39705942205941,4.661514783916839,4.648201508596487,9.011796172643841,0.4062844854895559,2.3037640150566454,25,63,103,12,203,203,10,1,0.12090389062218039,0.0,-1.4060559528990693,0.10476714627154166,149,11932.799148352839,0.4065712646750149,0.03231304830644963,54,0.813927703525108,0.21274780596040935,0,khong
MM,Myanmar,East Asia,Dong Nam A,ASEAN khac,1,1,0,Lower middle income,2,290381000000.0,54179306.0,5359.629375835859,290.381,54.179306,8.586650105374853,0.047251601168165944,-1.9351574179730553,-4.3582905519355135,62.66731526786137,162,45,14.866666666666665,0.274397510124376,2.7642204725692645,35.76273178571861,0.6600810240300717,3.6044846088100804,37.1289046653144,0.685296793305444,3.640972647134136,12.683792228924592,0.23410769102366488,2.6162120834956,0,1,71,1,73,73,7,1,0.1121076233183857,0.0,-2.5886461025835534,0.030350942661517267,46,4631.425783916209,0.6534886846104981,0.016900658506648677,27,1.4710150904652997,0.08922114019852166,0,khong
MN,Mongolia,East Asia,Dong A,Chau A khac,0,0,0,Upper middle income,3,56474141516.0,3398366.0,16618.0280511281,56.474141516,3.398366,9.718243412220138,0.11364043516593147,-1.1297114544814058,127.28588752209866,198.9459491567921,120,29,14.35,4.222617575623108,2.731115474033206,202.67414383155696,59.63870396289186,5.316521382586824,16.017969769693906,4.713432799673109,2.834269831053353,10.182173485715442,2.9961968445174656,2.414320857214511,4,45,18,1,68,68,2,1,0.0,0.25284103155586074,-1.302321050177016,0.06534324357546922,29,13460.158191844164,0.17260959569561019,0.04829719159046225,39,2.1299060438544792,0.1408973281171503,0,khong
MV,Maldives,West and Central Asia,Nam A,Chau A khac,0,0,0,Upper middle income,3,11722817856.0,523787.0,22380.887375975348,11.722817856,0.523787,10.015962631480903,0.029479578142631167,-1.4877938067261098,18.88684454671566,45.035988177826795,137,37,1.4000000000000004,2.6728422049420857,0.8754687373539001,15.869639249639249,30.297886831172306,2.825515512194037,,,,0.23121936343597588,0.4414377665653708,0.20800503070603982,2,2,2,0,6,6,0,1,0.0,,-0.7897798480988936,0.03662863937844284,21,17957.35607444451,-0.6980139586272163,-0.0071490612358116705,-15,2.226499751174571,0.04456387840331023,0,khong
MY,Malaysia,East Asia,Dong Nam A,ASEAN khac,1,1,0,Upper middle income,3,1152570000000.0,33938221.0,33960.82546577795,1152.57,33.938221,10.43296294713158,0.38000289734668286,0.13844637125775092,401.09614518985086,530.2127592419672,49,8,1555.5295815295813,45.83415204732096,7.350213994859809,4995.133554661814,147.18312885822195,8.516419603206383,1619.1279725339798,47.70809797408002,7.390260420497803,250.09735366310156,7.369194562764547,5.525840727131905,72,297,252,169,790,788,216,1,0.025903775021408715,0.0014411049484134369,0.10549575420407609,0.3645870355057683,746,25770.06715191506,0.03295061705367483,0.015415861840914535,44,2.7983795490414742,0.26446736911980023,0,khong
NP,Nepal,West and Central Asia,Nam A,Chau A khac,0,0,0,Lower middle income,2,144352000000.0,30547580.0,4725.480709110181,144.352,30.54758,8.460724572130763,0.07070775330645176,-1.6960499223683245,46.27960003306507,120.57702583792609,147,42,77.75079365079364,2.5452357813873845,4.3662883557602745,390.7830891328642,12.792603837451745,5.970708342590329,4.5,0.14731117816861433,1.7047480922384253,0.698289789619589,0.022859087024883443,0.5296217385922717,1,46,18,0,65,65,1,1,0.0,0.0,-1.6207850914389192,0.05663949515950006,54,3452.642495760376,-0.07526483092940528,0.014068258146951708,11,3.188057808013256,0.10092007260651167,0,khong
OM,Oman,West and Central Asia,Tay A,Chau A khac,0,0,0,High income,4,190403000000.0,4576298.0,41606.337699162075,190.403,4.576298,10.636007783183045,0.17713302383933255,-1.014857844246445,210.72679725989084,285.92311617074074,112,28,37.64230769230769,8.225493115244612,3.6543477304467866,458.65190124400715,100.2233467409699,6.130469466587529,85.22222222222223,18.622524630656095,4.456927942846999,46.69777014826016,10.204267761465744,3.8648846493856714,9,157,91,16,273,273,21,1,0.11410303502842317,0.3363754889178618,-1.1272668776596284,0.12428324820973326,130,41039.07060586688,0.11240903341318331,0.05284977562959929,143,0.13737376794127343,0.2221713605292833,0,khong
PH,Philippines,East Asia,Dong Nam A,ASEAN khac,1,1,0,Lower middle income,2,1137250000000.0,115559009.0,9841.292425759726,1137.25,115.559009,9.194342325502694,0.11898656781802454,-0.31161903373464367,108.67816929294324,226.02170271317746,78,17,310.0064484126984,2.6826679381847103,5.739813646410254,572.5685736766101,4.954772272896612,6.351877499912481,253.83965670527414,2.1966236895063207,5.540634550148314,57.8891185755755,0.5009485549982131,4.075656329542303,1,13,60,0,74,74,28,1,0.1183687259353775,0.06381981527342416,-0.6202678619130196,0.10278361376285727,73,7183.773634265006,0.30864882817837597,0.016202954055167265,1,3.1976837549390513,0.16311834454290977,0,khong
PK,Pakistan,West and Central Asia,Nam A,Chau A khac,0,0,0,Lower middle income,2,1346220000000.0,235824862.0,5708.55841314984,1346.22,235.824862,8.649721803725821,0.11382807235667515,-1.3335285293086305,91.76530946926103,194.06660548283725,127,32,198.14545454545453,0.8402229216419707,5.294035485091276,6476.985778244132,27.465237224411617,8.776164904335863,219.1609524995143,0.9293377748250916,5.394358881132397,22.646205244559045,0.09602976146153346,3.1632026472881813,0,110,44,0,154,111,128,1,0.046091651512370914,0.023384640108330235,-1.2633982266459967,0.08765193200181008,64,4530.267092583869,-0.07013030266263387,0.02617614035486507,90,2.338786789651004,0.1745396830383211,0,khong
QA,Qatar,West and Central Asia,Tay A,Chau A khac,0,0,0,High income,4,308522000000.0,2695122.0,114474.22417241223,308.522,2.695122,11.648104960235786,0.26206551299867703,-0.17879064347812706,378.30958747608895,433.1559446238851,69,15,111.5611111111111,41.393714685684394,4.7234962840359405,971.9843698936846,360.6457777769187,6.880368018227262,316.31305806595554,117.36502394546723,5.759888851432733,69.42085511641477,25.757963875629663,4.25448945674342,15,350,26,144,535,535,32,1,0.058370741354656516,0.05178143604053002,-0.0023786183042248782,0.203341385760256,294,128471.5654770005,-0.1764120251739022,0.05872412723842102,241,-1.146950969666849,0.23821010585439112,0,khong
SA,Saudi Arabia,West and Central Asia,Tay A,Chau A khac,0,0,0,High income,4,2173210000000.0,36408820.0,59689.10829848372,2173.21,36.40882,10.996904842174978,0.28815876371877513,-0.041490781745427516,377.09388953047284,456.95301422411296,62,13,2751.3809720628215,75.56907837339473,7.9202216240878975,10920.302442987022,299.9356321623997,9.298470513522444,1103.5295320200687,30.309401184110573,7.007174760411338,243.16480214493893,6.678733398801141,5.497843415927495,79,335,77,140,631,630,275,1,0.014490991433056894,0.07006442937890411,-0.05807976473648753,0.22278060610837255,414,50890.18031542478,0.016588982991060014,0.06537815761040258,217,1.6075805347974814,0.23834735597542311,0,khong
SG,Singapore,East Asia,Dong Nam A,ASEAN khac,1,1,0,High income,4,766662000000.0,5637022.0,136004.7911822945,766.662,5.637022,11.820445393379229,0.5003297740396992,0.543813472226826,350.61972721609163,587.7548360549915,18,5,6084.141768755123,1079.31843600311,8.713605303220096,4734.568129362425,839.9059165216004,8.462856983504366,6052.121163897739,1073.6380244564841,8.708329312856016,252.46007433055675,44.786072208083766,5.535206312917336,300,505,256,393,1454,1454,356,1,0.004325843910181067,0.0,0.5206459699323649,0.513241084529246,1523,104358.97274428884,0.023167502294461073,-0.012911310489546746,-69,2.683920370686166,0.22534804506931727,0,khong
SY,Syrian Arab Republic (the),West and Central Asia,Tay A,Chau A khac,0,0,0,Low income,1,98857637916.0,22125249.0,4468.091541749429,98.857637916,22.125249,8.404716648284811,0.06975642345948671,-1.3524042645862149,43.35779886578028,126.95505560011982,129,34,13.75,0.6214619324736187,2.691243082785829,130.5244292532373,5.89934283918058,4.8791926081528825,138.17918828973595,6.2453167550672966,4.935762227309857,0.7722850515199879,0.03490514622095272,0.5722697035345491,2,22,19,22,65,65,0,1,0.4333333333333334,0.07478212501629597,-1.2762255136539176,0.0576781406147131,48,5574.990599335564,-0.07617875093229731,0.012078282844773608,17,-2.188979004666858,0.0933629130044368,0,khong
TH,Thailand,East Asia,Dong Nam A,ASEAN khac,1,1,0,Upper middle income,3,1519480000000.0,71697030.0,21193.067551054766,1519.48,71.69703,9.961429404874453,0.2895519584390506,-0.11734361752407547,321.64983644853135,451.1286695503848,67,14,565.0445714913106,7.8810038782821366,6.338672823320568,3826.7604615883447,53.37404438633434,8.250035175272279,1251.7317675933505,17.4586278900723,7.1330818598272,220.4286123557042,3.0744455154656225,5.400100245690174,15,113,284,40,452,450,185,1,0.08742833331383226,0.006665051857633673,-0.16851243691685505,0.26432201129097543,405,18312.23915651539,0.05116881939277958,0.025229947148075194,47,1.4717702630942853,0.2979872005478029,0,khong
TJ,Tajikistan,West and Central Asia,Trung A,Chau A khac,0,0,0,Lower middle income,2,46466548855.0,9952787.0,4668.697205616879,46.466548855,9.952787,8.448635340783323,0.04208182079562539,-1.6162151344846778,19.607538132853605,73.03178957303227,142,41,,,,31.782258913727375,3.1933024301361392,3.4898874822814725,2.701219512195122,0.27140332775082215,1.3086623632352998,0.860313835629605,0.08643949032864914,0.6207452023251222,0,15,12,0,27,27,1,1,,0.0,-1.24041280459532,0.03367050255934803,17,2856.2340296511693,-0.3758023298893578,0.00841131823627736,10,5.036487914609733,0.05683176450020472,0,khong
TL,Timor-Leste,East Asia,Dong Nam A,ASEAN khac,1,0,0,Lower middle income,2,5994600489.0,1341296.0,4469.259946350396,5.994600489,1.341296,8.404978113800446,0.013626728668071334,-2.101624900475103,4.031964880823051,20.212159360695825,168,47,,,,3.697181964573269,2.7564251027165283,1.5469627468891527,,,,0.12162188460893535,0.09067490293636553,0.11477574906301774,0,3,0,0,3,3,0,1,,,-2.702305978364542,0.008867963307672568,5,4331.661654420152,0.6006810778894387,0.004758765360398766,-2,0.3132055920650689,0.019324375401190003,0,khong
TM,Turkmenistan,West and Central Asia,Trung A,Chau A khac,0,0,0,Upper middle income,3,131576000000.0,6430770.0,20460.3803277057,131.576,6.43077,9.926245628174769,0.017933829402404837,-1.4998676219047424,3.5546731864337837,28.1317746110281,138,38,0.5,0.0777511868718676,0.4054651081081644,2.2576335877862594,0.3510673819443487,1.1810010384733984,3.725146198830409,0.5792690764605808,1.5528985020184354,10.004495064735892,1.555722730673915,2.3983038315755834,0,0,15,0,15,15,2,1,0.0,0.0,-2.2086414360623357,0.00916514396665613,13,12426.78044493844,0.7087738141575932,0.008768685435748706,2,5.112776450434731,0.0238374153155075,0,khong
TR,Türkiye,West and Central Asia,Tay A,Chau A khac,0,0,0,Upper middle income,3,2925190000000.0,85341241.0,34276.393988692995,2925.19,85.341241,10.442212174316628,0.42404799727123066,0.1994278207010595,405.06547865319794,562.7879226049911,46,7,3525.2537825607483,41.30773986003729,8.167991335002124,10975.905103109946,128.61196971707906,9.303548808583896,3332.8802076977395,39.0535709188684,8.111892132160646,194.59596269599965,2.280210135402175,5.276051116774198,93,278,367,248,986,967,540,1,0.023304136182875947,0.0,0.08401383977869874,0.374301901033827,800,23623.29236411922,0.11541398092236076,0.04974609623740367,186,3.7923798859004654,0.24739488395840684,0,khong
UZ,Uzbekistan,West and Central Asia,Trung A,Chau A khac,0,0,0,Lower middle income,2,356797000000.0,35648100.0,10008.86442755715,356.797,35.6481,9.211226422073548,0.10690013805208212,-0.7469250737150536,90.30206814612343,193.32760803738296,98,25,10.5,0.2945458523736188,2.4423470353692043,334.0248187333938,9.370059518835332,5.8142046148521755,35.34039166828852,0.9913681702051026,3.5929298407935026,9.419033291863038,0.26422258947498006,2.3436342577280453,0,37,74,6,117,117,8,1,0.0,0.0,-1.3246223714093304,0.043511720363841835,49,6681.105174055656,0.5776972976942768,0.06338841768824029,68,4.124672829563281,0.14206917582597772,0,khong
VN,Viet Nam,East Asia,Dong Nam A,Viet Nam,1,1,1,Lower middle income,2,1359360000000.0,98186856.0,13844.622950346837,1359.36,98.186856,9.53565220160091,0.22540965962397333,-0.34821278537822986,247.86781186456633,362.30258440273934,81,18,448.0304834054834,4.563039307475976,6.1070907772093905,2711.7801351302874,27.61856571851417,7.905729268140224,817.5173614213204,8.326138494762683,6.707494607852356,303.0500452352512,3.0864624612814895,5.717192310341806,3,73,219,27,322,316,181,1,0.0645417393184295,0.01234335754456055,-0.6985746224791416,0.16120154979426973,187,8352.36384950331,0.35036183710091173,0.0642081098297036,135,5.183392176384616,,0,khong
YE,Yemen,West and Central Asia,Tay A,Chau A khac,0,0,0,Low income,1,,33696614.0,,,33.696614,,0.052565094472892405,-1.6029896935983488,27.909742791863746,95.89084425712235,140,40,1.9999999999999991,0.059353144502886826,1.0986122886681093,218.2048107930882,6.475570833113625,5.390006501881787,75.50952380952381,2.240863839005421,4.337415227325867,0.5446922010811315,0.01616459746018195,0.4348246679010409,0,25,13,3,41,41,1,1,0.0,0.6224380399823422,-1.4628419997489739,0.03475836583682584,21,,-0.14014769384937487,0.01780672863606657,20,,0.07865462629738719,0,khong
