Field ID,Field Name,Domain ID,Domain Name,Dimension Name,__index_level_0__
T - IPC4+A47L,Cleaning Equipment,T - 52,Consumer,Technology,2590
T - IPC4+B08B,Cleaning Equipment,T - 33,Processing and environmental,Technology,2679
S - 27_41,Diagnosis and Management of Gastrointestinal Disorders,S - 2,Medical and health sciences,Science,2218
S - 27_60,Diagnosis and Management of Gastrointestinal Disorders,S - 2,Medical and health sciences,Science,2239
E - 4_11,Diverse Consumer and Industrial Goods,E - C,Chemicals,Entrepreneurial,138
E - 34_0,Diverse Consumer and Industrial Goods,E - D,Clothing,Entrepreneurial,193
E - 43_0,Food and Beverage Service Establishments,E - Z,Services,Entrepreneurial,60
E - 43_2,Food and Beverage Service Establishments,E - Z,Services,Entrepreneurial,65
E - 43_6,Food and Beverage Service Establishments,E - Z,Services,Entrepreneurial,68
P - 0210,Preserved Meat,P - 1,Agriculture and live animals,Production,553
P - 1602,Preserved Meat,P - 2,Plant products and food processing,Production,681
