Unit,Period,Dimension,share_from_anomalous_rows
AE,2001,E,0.22607310870874084
AE,2001,T,0.35306524184476934
AE,2002,E,0.158121497221306
AE,2002,T,0.07464492452621643
AE,2003,E,0.15959311255220812
AE,2003,T,0.19208240759442538
AE,2004,E,0.11804874829166229
AE,2004,T,0.18320211442894851
AE,2005,E,0.12131398093305718
AE,2005,T,0.20773050754672714
AE,2006,E,0.13369772456262766
AE,2006,T,0.17125876041749516
AE,2007,E,0.2457019189389118
AE,2007,T,0.13182464580238168
AE,2008,E,0.07168602000310272
AE,2008,T,0.03467710882982772
AE,2009,E,0.04389600250850139
AE,2009,T,0.19178965281152235
AE,2010,E,0.034530258905333074
AE,2010,T,0.2221930256003637
AE,2011,E,0.056394117563216946
AE,2011,T,0.1772606206976856
AE,2012,E,0.0043012056907476785
AE,2012,T,0.09746050376744707
AE,2013,E,0.013652139383225313
AE,2013,T,0.09289254252152333
AE,2014,E,0.0
AE,2014,T,0.08691653586951811
AE,2015,E,0.0028838983010124304
AE,2015,T,0.05424182953018313
AE,2016,E,0.007344719724120986
AE,2016,T,0.03402154969385225
AE,2017,E,0.001667163913216327
AE,2017,T,0.03351248598233092
AE,2018,E,0.0
AE,2018,T,0.055188826359657876
AE,2019,E,0.009698370343393901
AE,2019,T,0.10914635181972093
AE,2020,E,0.0
AE,2020,T,0.13675554007937693
AE,2021,E,0.008342148980567341
AE,2021,T,0.12316530623377143
AE,2022,E,0.04660076348448737
AE,2022,T,0.0977195407560277
AE,2023,E,0.0
AE,2023,T,0.12723612696666053
AF,2001,E,0.0
AF,2001,T,0.75
AF,2002,E,0.0
AF,2002,T,0.0
AF,2003,E,0.0
AF,2003,T,0.25862068965517243
AF,2004,E,0.0
AF,2004,T,0.48447204968944096
AF,2005,E,0.0
AF,2005,T,0.0
AF,2006,E,0.0
AF,2006,T,0.33211400300007815
AF,2007,E,0.0
AF,2007,T,0.41516750926345003
AF,2008,E,0.0
AF,2008,T,0.0
AF,2009,E,0.0
AF,2009,T,0.08852905569007267
AF,2010,E,0.0
AF,2010,T,0.12183235867446408
AF,2011,E,0.0
AF,2011,T,0.0
AF,2012,E,0.0
AF,2012,T,0.0
AF,2013,E,0.0
AF,2013,T,0.0
AF,2014,E,0.0
AF,2014,T,0.0
AF,2015,E,0.0
AF,2015,T,0.0
AF,2016,E,0.0
AF,2016,T,0.26178010471204183
AF,2017,E,0.0
AF,2017,T,0.3305785123966941
AF,2018,E,0.0
AF,2018,T,0.0
AF,2019,E,0.19727891156462582
AF,2019,T,0.3919990091652218
AF,2020,E,0.0
AF,2020,T,0.0
AF,2021,E,0.0
AF,2021,T,0.0
AF,2022,E,0.0
AF,2022,T,0.0
AF,2023,E,0.0
AF,2023,T,0.0
AM,2001,E,0.0
AM,2001,T,0.43373493975903615
AM,2002,E,0.0
AM,2002,T,0.4199594731509625
AM,2003,E,0.0
AM,2003,T,0.08061848850669753
AM,2004,E,0.0
AM,2004,T,0.06142293311830056
AM,2005,E,0.6412337662337663
AM,2005,T,0.23387233322045373
AM,2006,E,0.2862179819558229
AM,2006,T,0.12300328379807426
AM,2007,E,0.27715916208504415
AM,2007,T,0.20419789612867983
AM,2008,E,0.18883643432379893
AM,2008,T,0.162511607971998
AM,2009,E,0.0
AM,2009,T,0.0
AM,2010,E,0.0
AM,2010,T,0.08978805264093499
AM,2011,E,0.16738516458060887
AM,2011,T,0.10415922672190081
AM,2012,E,0.0
AM,2012,T,0.19948974052763002
AM,2013,E,0.0
AM,2013,T,0.0
AM,2014,E,0.04470715362842421
AM,2014,T,0.144
AM,2015,E,0.26504199035122344
AM,2015,T,0.16367816091954027
AM,2016,E,0.0
AM,2016,T,0.09572649572649572
AM,2017,E,0.0
AM,2017,T,0.09928324399034881
AM,2018,E,0.0
AM,2018,T,0.029954533297673173
AM,2019,E,0.04557085034931563
AM,2019,T,0.18434078431075507
AM,2020,E,0.014745600982102047
AM,2020,T,0.11639991685720222
AM,2021,E,0.0
AM,2021,T,0.07710668503620044
AM,2022,E,0.15645330526599316
AM,2022,T,0.0
AM,2023,E,0.0
AM,2023,T,0.22247164964708013
AZ,2001,T,0.33388429752066107
AZ,2002,E,0.0
AZ,2002,T,0.0907216494845361
AZ,2003,E,0.0
AZ,2003,T,0.2343268242548818
AZ,2004,E,0.0
AZ,2004,T,0.17940199335548174
AZ,2005,E,0.0
AZ,2005,T,0.23529411764705882
AZ,2006,E,0.0
AZ,2006,T,0.19423714759535657
AZ,2007,E,0.0
AZ,2007,T,0.12476007677543184
AZ,2008,E,0.0
AZ,2008,T,0.12742718446601942
AZ,2009,E,0.0
AZ,2009,T,0.22601476014760147
AZ,2010,E,0.0
AZ,2010,T,0.15834118755890672
AZ,2011,E,0.0
AZ,2011,T,0.0
AZ,2012,E,0.0
AZ,2012,T,0.10652234249236751
AZ,2013,E,0.0
AZ,2013,T,0.04637553138629714
AZ,2014,E,0.0
AZ,2014,T,0.08170806033825995
AZ,2015,E,0.0
AZ,2015,T,0.08118969887108189
AZ,2016,E,0.0
AZ,2016,T,0.06051848806558487
AZ,2017,E,0.0
AZ,2017,T,0.24801391603751474
AZ,2018,E,0.0
AZ,2018,T,0.06251258519594238
AZ,2019,E,0.15410963171281683
AZ,2019,T,0.1705477996642655
AZ,2020,E,0.05305618885155203
AZ,2020,T,0.041285756414037235
AZ,2021,E,0.10112214949360712
AZ,2021,T,0.08079847908745245
AZ,2022,E,0.0
AZ,2022,T,0.060085836909871224
AZ,2023,E,0.0
AZ,2023,T,0.06034482758620688
BD,2001,E,0.0
BD,2001,T,0.20802459672611442
BD,2002,E,0.0
BD,2002,T,0.09466282005048687
BD,2003,E,0.0
BD,2003,T,0.14870897683397682
BD,2004,E,0.0
BD,2004,T,0.03224335591453882
BD,2005,E,0.0
BD,2005,T,0.013707695941448387
BD,2006,E,0.0
BD,2006,T,0.010553743455666391
BD,2007,E,0.0
BD,2007,T,0.010316596774324482
BD,2008,E,0.0
BD,2008,T,0.09142802764231515
BD,2009,E,0.0
BD,2009,T,0.04025879844298488
BD,2010,E,0.19066992134526714
BD,2010,T,0.0
BD,2011,E,0.0
BD,2011,T,0.0
BD,2012,E,0.4195804195804196
BD,2012,T,0.024020736928522336
BD,2013,E,0.0
BD,2013,T,0.021967197168639346
BD,2014,E,0.0
BD,2014,T,0.009414891213008847
BD,2015,E,0.0
BD,2015,T,0.034414134650237856
BD,2016,E,0.0
BD,2016,T,0.0574963436125362
BD,2017,E,0.0619456567647473
BD,2017,T,0.047077791213220456
BD,2018,E,0.025553483300143443
BD,2018,T,0.02632405576275611
BD,2019,E,0.024095285903345046
BD,2019,T,0.02699199249813833
BD,2020,E,0.0
BD,2020,T,0.016478619831514524
BD,2021,E,0.0
BD,2021,T,0.01743462017434621
BD,2022,E,0.0
BD,2022,T,0.027871085171129094
BD,2023,E,0.0
BD,2023,T,0.028951286433350123
BH,2001,E,0.36363636363636365
BH,2001,T,0.5422365245374094
BH,2002,E,0.21238938053097348
BH,2002,T,0.29015544041450764
BH,2003,E,0.13266403728935103
BH,2003,T,0.7034632034632036
BH,2004,E,0.05989617995474511
BH,2004,T,0.0
BH,2005,E,0.19553666312433582
BH,2005,T,0.3915801956715089
BH,2006,E,0.3193653683805932
BH,2006,T,0.0
BH,2007,E,0.2763959580438981
BH,2007,T,0.0
BH,2008,E,0.161233948788086
BH,2008,T,0.0
BH,2009,E,0.24427164262763515
BH,2009,T,0.0
BH,2010,E,0.3080270908443666
BH,2010,T,0.0
BH,2011,E,0.0
BH,2011,T,0.14851485148514862
BH,2012,E,0.032125326214341075
BH,2012,T,0.3411910669975186
BH,2013,E,0.344588843698656
BH,2013,T,0.4192401758546584
BH,2014,E,0.1403111575183102
BH,2014,T,0.04901560507137721
BH,2015,E,0.08474150958603763
BH,2015,T,0.15180667326347572
BH,2016,E,0.11212650093021127
BH,2016,T,0.35942396540882143
BH,2017,E,0.17280612338627313
BH,2017,T,0.1418926803247262
BH,2018,E,0.2971698113207547
BH,2018,T,0.09958899778691115
BH,2019,E,0.2419179744897174
BH,2019,T,0.2957609900258588
BH,2020,E,0.3920032295108818
BH,2020,T,0.13077593722755013
BH,2021,E,0.11372775464058534
BH,2021,T,0.0
BH,2022,E,0.2199513930504713
BH,2022,T,0.0
BH,2023,E,0.06326218161211888
BH,2023,T,0.0
BN,2001,E,0.0
BN,2001,T,0.8181818181818182
BN,2002,E,0.0
BN,2002,T,0.0
BN,2003,E,0.0
BN,2003,T,0.0
BN,2004,E,0.0
BN,2004,T,0.6
BN,2005,E,0.0
BN,2005,T,0.35714285714285704
BN,2006,E,0.0
BN,2006,T,0.0
BN,2007,E,0.0
BN,2007,T,0.265625
BN,2008,E,0.0
BN,2008,T,0.0
BN,2009,E,0.0
BN,2009,T,0.5523255813953489
BN,2010,E,0.0
BN,2010,T,0.0
BN,2011,E,0.0
BN,2011,T,0.0
BN,2012,E,0.0
BN,2012,T,0.24999999999999997
BN,2013,E,0.1446485340868951
BN,2013,T,0.41379310344827586
BN,2014,E,0.0
BN,2014,T,0.0
BN,2015,E,0.0
BN,2015,T,0.0
BN,2016,E,0.0
BN,2016,T,0.18521177315147164
BN,2017,E,0.0
BN,2017,T,0.0
BN,2018,E,0.0
BN,2018,T,0.39591836734693875
BN,2019,E,0.0
BN,2019,T,0.22857142857142862
BN,2020,E,0.0
BN,2020,T,0.0
BN,2021,E,0.0
BN,2021,T,0.46153846153846156
BN,2022,E,0.0
BN,2022,T,0.4090909090909091
BN,2023,E,0.0
BN,2023,T,0.0
BT,2004,T,0.0
BT,2008,E,0.0
BT,2009,T,0.0
BT,2011,T,0.0
BT,2012,T,0.705882352941176
BT,2013,T,0.0
BT,2014,T,0.0
BT,2015,T,0.0
BT,2016,T,0.0
BT,2017,T,0.0
BT,2018,T,0.6774193548387097
BT,2019,T,0.0
BT,2020,T,0.0
BT,2021,E,0.0
BT,2021,T,0.0
BT,2022,T,0.0
BT,2023,T,0.0
CN,2001,E,0.0017293696029138802
CN,2001,T,0.2330683713378983
CN,2002,E,0.005960312039945567
CN,2002,T,0.03519283169639808
CN,2003,E,0.011123670586575088
CN,2003,T,0.03801035300131024
CN,2004,E,0.0
CN,2004,T,0.021021354636561147
CN,2005,E,0.0
CN,2005,T,0.007668501078788199
CN,2006,E,0.0
CN,2006,T,0.007217124395572965
CN,2007,E,0.0013541876256987736
CN,2007,T,0.004102079455576794
CN,2008,E,0.0
CN,2008,T,0.00038084697585019834
CN,2009,E,0.0
CN,2009,T,0.00314953473450415
CN,2010,E,0.0
CN,2010,T,0.0005321110428793143
CN,2011,E,0.0
CN,2011,T,0.003479250891952944
CN,2012,E,0.0
CN,2012,T,0.001720814045027023
CN,2013,E,0.0
CN,2013,T,0.003575826845856465
CN,2014,E,0.0
CN,2014,T,0.007353606984918762
CN,2015,E,0.0
CN,2015,T,0.007884047740231272
CN,2016,E,0.0
CN,2016,T,0.012167606086224426
CN,2017,E,0.0
CN,2017,T,0.010215367381263177
CN,2018,E,0.0
CN,2018,T,0.017498003975345212
CN,2019,E,0.0
CN,2019,T,0.12087510678815239
CN,2020,E,0.0
CN,2020,T,0.1273548782671309
CN,2021,E,0.0
CN,2021,T,0.1347878112517105
CN,2022,E,0.0
CN,2022,T,0.14800208328810013
CN,2023,E,0.0
CN,2023,T,0.2002486218460065
CY,2001,E,0.0327834336813796
CY,2001,T,0.28177730082740526
CY,2002,E,0.0
CY,2002,T,0.25811725468397484
CY,2003,E,0.02070976612822971
CY,2003,T,0.25471367693704555
CY,2004,E,0.0166162509054319
CY,2004,T,0.2391171233089337
CY,2005,E,0.0
CY,2005,T,0.276706292861527
CY,2006,E,0.01153409550631907
CY,2006,T,0.20862608775398492
CY,2007,E,0.014306186386919573
CY,2007,T,0.08586618830473164
CY,2008,E,0.0
CY,2008,T,0.0898775687201456
CY,2009,E,0.0
CY,2009,T,0.018775721962311406
CY,2010,E,0.0
CY,2010,T,0.12243644603783836
CY,2011,E,0.002379818450497054
CY,2011,T,0.12479858057850532
CY,2012,E,0.0
CY,2012,T,0.14116365458803593
CY,2013,E,0.0
CY,2013,T,0.07363015172618005
CY,2014,E,0.0
CY,2014,T,0.05877831814879428
CY,2015,E,0.0
CY,2015,T,0.03816213652233038
CY,2016,E,0.0
CY,2016,T,0.3817900587208592
CY,2017,E,0.0
CY,2017,T,0.12606499527270537
CY,2018,E,0.0
CY,2018,T,0.1203679434609115
CY,2019,E,0.0
CY,2019,T,0.15757168962097706
CY,2020,E,0.0
CY,2020,T,0.17344043277965884
CY,2021,E,0.0
CY,2021,T,0.09863646783733958
CY,2022,E,0.0
CY,2022,T,0.36916159197839754
CY,2023,E,0.0
CY,2023,T,0.2542734610027699
GE,2001,E,0.0
GE,2001,T,0.17503241340989076
GE,2002,E,0.0
GE,2002,T,0.09944018856806129
GE,2003,E,0.0
GE,2003,T,0.2868208455807591
GE,2004,E,0.0
GE,2004,T,0.1750726060457316
GE,2005,E,0.0
GE,2005,T,0.12068239184075165
GE,2006,E,0.0
GE,2006,T,0.1456724677469296
GE,2007,E,0.0
GE,2007,T,0.09591786649214656
GE,2008,E,0.0
GE,2008,T,0.1368184155828223
GE,2009,E,0.0
GE,2009,T,0.0
GE,2010,E,0.0
GE,2010,T,0.209131139512104
GE,2011,E,0.0
GE,2011,T,0.08201959948870902
GE,2012,E,0.0
GE,2012,T,0.0
GE,2013,E,0.0
GE,2013,T,0.02936570086139389
GE,2014,E,0.039940564635958395
GE,2014,T,0.14010037746989737
GE,2015,E,0.0
GE,2015,T,0.08458322145076526
GE,2016,E,0.0
GE,2016,T,0.17033345950626633
GE,2017,E,0.0
GE,2017,T,0.3578043557660471
GE,2018,E,0.0
GE,2018,T,0.1289134565096641
GE,2019,E,0.040675153170239266
GE,2019,T,0.1284317137695304
GE,2020,E,0.03311325603559696
GE,2020,T,0.28869434368193403
GE,2021,E,0.0
GE,2021,T,0.15654626736471386
GE,2022,E,0.04673221300595398
GE,2022,T,0.18958600641001558
GE,2023,E,0.0
GE,2023,T,0.18868237068177662
ID,2001,E,0.012606414050725734
ID,2001,T,0.3285505865051133
ID,2002,E,0.0
ID,2002,T,0.31530323097676716
ID,2003,E,0.03150800703595059
ID,2003,T,0.22604860719275235
ID,2004,E,0.0
ID,2004,T,0.32098142669190927
ID,2005,E,0.015066072675213458
ID,2005,T,0.07991963187086117
ID,2006,E,0.18122502630490087
ID,2006,T,0.10877124808083447
ID,2007,E,0.03175022270465658
ID,2007,T,0.007053672091122035
ID,2008,E,0.029178069948616537
ID,2008,T,0.04958112680186608
ID,2009,E,0.054491155807158596
ID,2009,T,0.03817785774523466
ID,2010,E,0.02532212838795397
ID,2010,T,0.0651319817541508
ID,2011,E,0.012719635643853037
ID,2011,T,0.06151935023928422
ID,2012,E,0.01763152785993038
ID,2012,T,0.040288943558168894
ID,2013,E,0.10749044308261221
ID,2013,T,0.050834809351483344
ID,2014,E,0.0
ID,2014,T,0.07433320927627485
ID,2015,E,0.026916708476160206
ID,2015,T,0.1225842276268345
ID,2016,E,0.01593404878996032
ID,2016,T,0.08553858654956352
ID,2017,E,0.01575914135997026
ID,2017,T,0.05473248120739313
ID,2018,E,0.014730699111888205
ID,2018,T,0.08692122380383081
ID,2019,E,0.0
ID,2019,T,0.27723700794104805
ID,2020,E,0.004498702307310758
ID,2020,T,0.06051254100006475
ID,2021,E,0.0
ID,2021,T,0.20747469839508237
ID,2022,E,0.003164582457123106
ID,2022,T,0.14103537968680047
ID,2023,E,0.014033377704346891
ID,2023,T,0.21941178477366186
IL,2001,E,0.01455158635492021
IL,2001,T,0.25996841187673286
IL,2002,E,0.01915285092875425
IL,2002,T,0.17528331258985722
IL,2003,E,0.02615712787336348
IL,2003,T,0.058479584100348446
IL,2004,E,0.06426709798480722
IL,2004,T,0.14076454788124973
IL,2005,E,0.05180341071138589
IL,2005,T,0.03692232512536971
IL,2006,E,0.008567729482062388
IL,2006,T,0.038322920279136995
IL,2007,E,0.052711350150575896
IL,2007,T,0.035920652507674594
IL,2008,E,0.0
IL,2008,T,0.029812480520455802
IL,2009,E,0.0028690475521546952
IL,2009,T,0.028920067604298813
IL,2010,E,0.013281376784374207
IL,2010,T,0.025471814536127554
IL,2011,E,0.0024691031232289195
IL,2011,T,0.03641958414892288
IL,2012,E,0.0
IL,2012,T,0.035672309768503156
IL,2013,E,0.006673998548896577
IL,2013,T,0.035589813600427796
IL,2014,E,0.005970004227829841
IL,2014,T,0.04181983343664725
IL,2015,E,0.05287981431492659
IL,2015,T,0.1276338455507006
IL,2016,E,0.0
IL,2016,T,0.03853744141347448
IL,2017,E,0.01758787506627174
IL,2017,T,0.12439848841758566
IL,2018,E,0.05780246692968676
IL,2018,T,0.14952544972826523
IL,2019,E,0.004821802423872422
IL,2019,T,0.13542547938733257
IL,2020,E,0.0018453771896075272
IL,2020,T,0.13722061205100133
IL,2021,E,0.0008559572192019607
IL,2021,T,0.1270592120587936
IL,2022,E,0.0010462088741899785
IL,2022,T,0.12365419184660877
IL,2023,E,0.001937470040486208
IL,2023,T,0.12070443032312402
IN,2001,E,0.09020625310777639
IN,2001,T,0.03796444116074957
IN,2002,E,0.06178510783905831
IN,2002,T,0.0063669933448410885
IN,2003,E,0.14935247025210532
IN,2003,T,0.01983215282115606
IN,2004,E,0.019930401250302817
IN,2004,T,0.014427218591368727
IN,2005,E,0.028425264794453065
IN,2005,T,0.006504637030654255
IN,2006,E,0.014092442831252078
IN,2006,T,0.00645144250796436
IN,2007,E,0.012319886700151881
IN,2007,T,0.0032021143711203352
IN,2008,E,0.019223094359911996
IN,2008,T,0.0038966228917097084
IN,2009,E,0.029515817759966263
IN,2009,T,0.011387685723342776
IN,2010,E,0.011759419762514711
IN,2010,T,0.006401168752132859
IN,2011,E,0.009620922118132362
IN,2011,T,0.004620889256833263
IN,2012,E,0.09985430970746959
IN,2012,T,0.005768665019236487
IN,2013,E,0.01223256441061779
IN,2013,T,0.005224852355398719
IN,2014,E,0.029692443737796278
IN,2014,T,0.005667636672558432
IN,2015,E,0.0026990459469749674
IN,2015,T,0.004692042413860214
IN,2016,E,0.010386158637031176
IN,2016,T,0.007883071152501765
IN,2017,E,0.0580139228027509
IN,2017,T,0.004354819755341633
IN,2018,E,0.003731569833084931
IN,2018,T,0.006881641577283967
IN,2019,E,0.000615095253153792
IN,2019,T,0.007838589024951523
IN,2020,E,0.0023134015400661304
IN,2020,T,0.007722220441975139
IN,2021,E,0.0
IN,2021,T,0.004783556074882359
IN,2022,E,0.001536025054909649
IN,2022,T,0.0038370316823042776
IN,2023,E,0.0
IN,2023,T,0.0063513593385289245
IQ,2001,T,0.33027522935779813
IQ,2002,E,0.0
IQ,2002,T,0.28235294117647064
IQ,2003,T,0.37969924812030076
IQ,2004,E,1.0
IQ,2004,T,0.0
IQ,2005,E,0.45454545454545453
IQ,2005,T,0.1745658670102605
IQ,2006,E,0.20370370370370372
IQ,2006,T,0.0
IQ,2007,E,0.5915032679738562
IQ,2007,T,0.09193336559065464
IQ,2008,E,0.6666666666666666
IQ,2008,T,0.0
IQ,2009,E,0.72
IQ,2009,T,0.04524128686327079
IQ,2010,E,0.8571428571428571
IQ,2010,T,0.4167267483777938
IQ,2011,E,0.33333333333333337
IQ,2011,T,0.3619813717188823
IQ,2012,E,0.1408450704225352
IQ,2012,T,0.258139534883721
IQ,2013,E,0.0
IQ,2013,T,0.0
IQ,2014,E,0.0
IQ,2014,T,0.0
IQ,2015,E,0.0
IQ,2015,T,0.0
IQ,2016,E,0.1549958483254913
IQ,2016,T,0.0
IQ,2017,E,0.0
IQ,2017,T,0.10039840637450202
IQ,2018,E,0.14783540778885906
IQ,2018,T,0.15861214374225494
IQ,2019,E,0.2050953958642751
IQ,2019,T,0.11659851106217889
IQ,2020,E,0.050741040111062556
IQ,2020,T,0.1822222222222222
IQ,2021,E,0.0
IQ,2021,T,0.044444444444444446
IQ,2022,E,0.0
IQ,2022,T,0.32099383024845735
IQ,2023,E,0.21428571428571427
IQ,2023,T,0.0
IR,2001,E,0.0
IR,2001,T,0.12880676398191965
IR,2002,E,0.38414634146341464
IR,2002,T,0.033891313507943506
IR,2003,E,0.0
IR,2003,T,0.13696769730053138
IR,2004,E,0.0
IR,2004,T,0.008334989821167864
IR,2005,E,0.0
IR,2005,T,0.04319066649825086
IR,2006,E,0.2178100581632247
IR,2006,T,0.05945805811288116
IR,2007,E,0.18601671783421772
IR,2007,T,0.032710147814724845
IR,2008,E,0.09314059557485323
IR,2008,T,0.007397624749202899
IR,2009,E,0.0
IR,2009,T,0.0583594721836347
IR,2010,E,0.0
IR,2010,T,0.024425713197747074
IR,2011,E,0.0
IR,2011,T,0.011206409348488296
IR,2012,E,0.0
IR,2012,T,0.0426032332448448
IR,2013,E,0.0
IR,2013,T,0.018557023256218493
IR,2014,E,0.0
IR,2014,T,0.02010390183979529
IR,2015,E,0.0
IR,2015,T,0.006912965914052338
IR,2016,E,0.009911239251857027
IR,2016,T,0.03119980060627942
IR,2017,E,0.025459304567716855
IR,2017,T,0.036587628379521835
IR,2018,E,0.0
IR,2018,T,0.03711117819688782
IR,2019,E,0.0
IR,2019,T,0.021400239712456522
IR,2020,E,0.0
IR,2020,T,0.04690293382790877
IR,2021,E,0.0
IR,2021,T,0.018872513996179726
IR,2022,E,0.0
IR,2022,T,0.00604643996525715
IR,2023,E,0.012500339123492618
IR,2023,T,0.036012690033345396
JO,2001,E,0.10681926561754888
JO,2001,T,0.40475227718793694
JO,2002,E,0.5188799639666691
JO,2002,T,0.13797527543339042
JO,2003,E,0.28604651162790695
JO,2003,T,0.5798689928002476
JO,2004,E,0.06777010295842566
JO,2004,T,0.511345516316072
JO,2005,E,0.12490319786666373
JO,2005,T,0.3458187247463676
JO,2006,E,0.40775664342144885
JO,2006,T,0.12895425392237425
JO,2007,E,0.6218000760412912
JO,2007,T,0.11430140895801762
JO,2008,E,0.23657040194034332
JO,2008,T,0.48273596043978284
JO,2009,E,0.2514484356894554
JO,2009,T,0.08358771164904799
JO,2010,E,0.28804958132949243
JO,2010,T,0.07233786353810136
JO,2011,E,0.5527722902617618
JO,2011,T,0.034026245749404445
JO,2012,E,0.2749642115811324
JO,2012,T,0.02516153879070564
JO,2013,E,0.074565622454899
JO,2013,T,0.04369573347755079
JO,2014,E,0.29031664506453225
JO,2014,T,0.1290759284151024
JO,2015,E,0.12762188282598155
JO,2015,T,0.038439021278825286
JO,2016,E,0.09985780280547175
JO,2016,T,0.11313178348101995
JO,2017,E,0.18921982706162344
JO,2017,T,0.19629886509158265
JO,2018,E,0.16189710370249658
JO,2018,T,0.1489999812555062
JO,2019,E,0.007961571332473983
JO,2019,T,0.11210670404297182
JO,2020,E,0.09169011413513388
JO,2020,T,0.10260700476486756
JO,2021,E,0.10890201734375246
JO,2021,T,0.15880738221703794
JO,2022,E,0.05162852919632817
JO,2022,T,0.10107087217612729
JO,2023,E,0.13374739425856694
JO,2023,T,0.12438176197836166
JP,2001,E,0.0020574686808214034
JP,2001,T,0.18377623834364176
JP,2002,E,0.0
JP,2002,T,0.2087805534360929
JP,2003,E,0.0
JP,2003,T,0.2728141009865218
JP,2004,E,0.0
JP,2004,T,0.251986955786284
JP,2005,E,0.0
JP,2005,T,0.1788089125751581
JP,2006,E,0.0
JP,2006,T,0.1721715636322631
JP,2007,E,0.0
JP,2007,T,0.1776630688422513
JP,2008,E,0.0
JP,2008,T,0.14792729541951966
JP,2009,E,0.0
JP,2009,T,0.15252299990789503
JP,2010,E,0.0
JP,2010,T,0.12873714994365557
JP,2011,E,0.0
JP,2011,T,0.1504694166466522
JP,2012,E,0.0
JP,2012,T,0.19406016171054108
JP,2013,E,0.0
JP,2013,T,0.1875932137235444
JP,2014,E,0.0
JP,2014,T,0.1909881841443079
JP,2015,E,0.0
JP,2015,T,0.16290790429681168
JP,2016,E,0.0
JP,2016,T,0.1510275982233283
JP,2017,E,0.0
JP,2017,T,0.1496015664484824
JP,2018,E,0.0
JP,2018,T,0.17414392881015434
JP,2019,E,0.0
JP,2019,T,0.16823401580798902
JP,2020,E,0.0
JP,2020,T,0.16560579736386666
JP,2021,E,0.0
JP,2021,T,0.22088939623053624
JP,2022,E,0.0
JP,2022,T,0.19716629957520232
JP,2023,E,0.0
JP,2023,T,0.26946737482363053
KG,2001,T,0.0
KG,2002,T,0.0
KG,2003,T,0.0
KG,2004,E,0.0
KG,2004,T,0.7731092436974789
KG,2005,E,0.0
KG,2005,T,0.21875000000000003
KG,2006,E,0.0
KG,2006,T,0.0
KG,2007,E,0.0
KG,2007,T,0.36036036036036034
KG,2008,E,0.0
KG,2008,T,0.0
KG,2009,E,0.0
KG,2009,T,0.0
KG,2010,E,0.0
KG,2010,T,0.0
KG,2011,E,0.0
KG,2011,T,0.0
KG,2012,E,0.0
KG,2012,T,0.17647058823529413
KG,2013,E,0.0
KG,2013,T,0.0
KG,2014,E,0.0
KG,2014,T,0.0
KG,2015,E,0.0
KG,2015,T,0.0
KG,2016,E,0.0
KG,2016,T,0.0
KG,2017,E,0.0
KG,2017,T,0.0
KG,2018,E,0.14053089449029668
KG,2018,T,0.0
KG,2019,E,0.0
KG,2019,T,0.0
KG,2020,E,0.0
KG,2020,T,0.42952380952380936
KG,2021,E,0.0
KG,2021,T,0.23943452380952382
KG,2022,E,0.0
KG,2022,T,0.14672489082969442
KG,2023,E,0.0
KG,2023,T,0.453020134228188
KH,2001,E,0.0
KH,2001,T,0.6545454545454545
KH,2002,T,0.0
KH,2003,T,0.0
KH,2004,E,0.0
KH,2004,T,0.24999999999999994
KH,2005,E,0.0
KH,2005,T,0.0
KH,2006,E,0.0
KH,2006,T,0.0
KH,2007,E,0.0
KH,2007,T,0.0
KH,2008,E,0.0
KH,2008,T,0.0
KH,2009,E,0.0
KH,2009,T,0.0
KH,2010,E,0.0
KH,2010,T,0.0
KH,2011,E,0.0
KH,2011,T,0.0
KH,2012,E,0.0
KH,2012,T,0.3254960317460317
KH,2013,E,0.0
KH,2013,T,0.0
KH,2014,E,0.0
KH,2014,T,0.22844827586206856
KH,2015,E,0.0
KH,2015,T,0.1249102656137832
KH,2016,E,0.0
KH,2016,T,0.0
KH,2017,E,0.0
KH,2017,T,0.0
KH,2018,E,0.0
KH,2018,T,0.0
KH,2019,E,0.09500113096584482
KH,2019,T,0.15929203539823006
KH,2020,E,0.0
KH,2020,T,0.09740259740259745
KH,2021,E,0.2173299463731301
KH,2021,T,0.0
KH,2022,E,0.0
KH,2022,T,0.21340629274965794
KH,2023,E,0.19555555555555557
KH,2023,T,0.6105750292454151
KP,2001,E,0.6042542479546884
KP,2001,T,0.254983807124865
KP,2002,E,0.39959016393442626
KP,2002,T,0.20177315805564053
KP,2003,E,0.28714414636147345
KP,2003,T,0.5220616648978148
KP,2004,E,0.0
KP,2004,T,0.4101948630691945
KP,2005,E,0.18346911957950066
KP,2005,T,0.3101119812103097
KP,2006,E,0.30892448512585813
KP,2006,T,0.29625659329934173
KP,2007,E,0.0
KP,2007,T,0.28283086594256795
KP,2008,E,0.05860695769779848
KP,2008,T,0.33296554249703136
KP,2009,E,0.17685738039452803
KP,2009,T,0.1625065205052094
KP,2010,E,0.264399217272263
KP,2010,T,0.06110944524965363
KP,2011,E,0.03724230144598121
KP,2011,T,0.06001897628513711
KP,2012,E,0.0
KP,2012,T,0.08033693638813826
KP,2013,E,0.026674326393870677
KP,2013,T,0.12901058387149833
KP,2014,E,0.023041431908116257
KP,2014,T,0.19768948371945333
KP,2015,E,0.06228903820660177
KP,2015,T,0.15517027348183074
KP,2016,E,0.7204679702972391
KP,2016,T,0.16284938236315363
KP,2017,E,0.2412966312118168
KP,2017,T,0.15138156427266347
KP,2018,E,0.11365074246716245
KP,2018,T,0.11075859257017999
KP,2019,E,0.0386826040349327
KP,2019,T,0.0
KP,2020,E,0.4572195340277828
KP,2020,T,0.06652188843136048
KP,2021,E,0.026532460148666004
KP,2021,T,0.07149825970810932
KP,2022,E,0.0
KP,2022,T,0.042279751019244007
KP,2023,E,0.0
KP,2023,T,0.2531377156284027
KR,2001,E,0.037617052148363764
KR,2001,T,0.27137916171881155
KR,2002,E,0.02264387837961039
KR,2002,T,0.4881895924770211
KR,2003,E,0.01953066664187183
KR,2003,T,0.5216448466223181
KR,2004,E,0.0
KR,2004,T,0.6222254653851099
KR,2005,E,0.0022025142938093293
KR,2005,T,0.5266324410891375
KR,2006,E,0.0
KR,2006,T,0.4749765376019822
KR,2007,E,0.0
KR,2007,T,0.45613326479278954
KR,2008,E,0.0
KR,2008,T,0.38596570745261766
KR,2009,E,0.0
KR,2009,T,0.3866327995480304
KR,2010,E,0.0
KR,2010,T,0.32240004968205
KR,2011,E,0.0
KR,2011,T,0.3075536445548222
KR,2012,E,0.0
KR,2012,T,0.2849217863670698
KR,2013,E,0.002816342152715971
KR,2013,T,0.3780786709570679
KR,2014,E,0.0
KR,2014,T,0.41978977518733374
KR,2015,E,0.0
KR,2015,T,0.36843815281450587
KR,2016,E,0.0
KR,2016,T,0.3823206627845787
KR,2017,E,0.0
KR,2017,T,0.27124699937312335
KR,2018,E,0.0
KR,2018,T,0.25317422593123845
KR,2019,E,0.0
KR,2019,T,0.2723434348236454
KR,2020,E,0.0
KR,2020,T,0.30720285652727997
KR,2021,E,0.0
KR,2021,T,0.2891821201722264
KR,2022,E,0.0
KR,2022,T,0.3134751110124112
KR,2023,E,0.0
KR,2023,T,0.41837126925922
KW,2001,E,0.784837159636946
KW,2001,T,0.0
KW,2002,E,0.39378302002703036
KW,2002,T,0.0
KW,2003,E,0.6201426933367308
KW,2003,T,0.3058823529411765
KW,2004,E,0.5833333333333334
KW,2004,T,0.2774869109947644
KW,2005,E,0.7205882352941176
KW,2005,T,0.09666823825239655
KW,2006,E,0.7488851136122319
KW,2006,T,0.06465517241379302
KW,2007,E,0.47023510793709583
KW,2007,T,0.03768438430894016
KW,2008,E,0.058808832977318926
KW,2008,T,0.16037876528481956
KW,2009,E,0.22652651211020824
KW,2009,T,0.0454086781029263
KW,2010,E,0.15858229538373483
KW,2010,T,0.0860918131044817
KW,2011,E,0.2146230229720986
KW,2011,T,0.07697790449037778
KW,2012,E,0.3529003591901571
KW,2012,T,0.05107741420590583
KW,2013,E,0.4939839399551013
KW,2013,T,0.19418697033898305
KW,2014,E,0.3833726704501143
KW,2014,T,0.10854557427193748
KW,2015,E,0.24287787218544535
KW,2015,T,0.1294293921723944
KW,2016,E,0.3516805115423205
KW,2016,T,0.0202788339670469
KW,2017,E,0.40541173739414327
KW,2017,T,0.10417239961940628
KW,2018,E,0.4392671323727334
KW,2018,T,0.0
KW,2019,E,0.2587801471887764
KW,2019,T,0.04601761684523672
KW,2020,E,0.328651325958202
KW,2020,T,0.11627894064738215
KW,2021,E,0.5583585132652945
KW,2021,T,0.13521714760625442
KW,2022,E,0.22078043870677955
KW,2022,T,0.3091965626273237
KW,2023,E,0.3066205017740132
KW,2023,T,0.0631681243926142
KZ,2001,E,0.0
KZ,2001,T,0.07079646017699115
KZ,2002,E,0.0
KZ,2002,T,0.10975609756097561
KZ,2003,E,0.0
KZ,2003,T,0.23966712898751732
KZ,2004,E,0.0
KZ,2004,T,0.20058446588268433
KZ,2005,E,0.0
KZ,2005,T,0.12394143252869017
KZ,2006,E,0.0
KZ,2006,T,0.16411597751683454
KZ,2007,E,0.0
KZ,2007,T,0.1313477289650037
KZ,2008,E,0.0
KZ,2008,T,0.32295449277601795
KZ,2009,E,0.0
KZ,2009,T,0.21529426890924372
KZ,2010,E,0.0
KZ,2010,T,0.19984326018808776
KZ,2011,E,0.0
KZ,2011,T,0.1510933240531292
KZ,2012,E,0.0
KZ,2012,T,0.22711672510948328
KZ,2013,E,0.0
KZ,2013,T,0.08155156289143486
KZ,2014,E,0.0
KZ,2014,T,0.08258817051908192
KZ,2015,E,0.0
KZ,2015,T,0.13260279018371013
KZ,2016,E,0.0
KZ,2016,T,0.3325920305591167
KZ,2017,E,0.036090335206785895
KZ,2017,T,0.0901120564432455
KZ,2018,E,0.0
KZ,2018,T,0.2121494728442597
KZ,2019,E,0.0
KZ,2019,T,0.1326730680850948
KZ,2020,E,0.010785436690454583
KZ,2020,T,0.13239024041724715
KZ,2021,E,0.0
KZ,2021,T,0.16828318242160573
KZ,2022,E,0.0
KZ,2022,T,0.05568814638027048
KZ,2023,E,0.0
KZ,2023,T,0.09997744869578291
LA,2001,T,0.0
LA,2002,T,0.0
LA,2003,T,0.0
LA,2004,T,0.2016806722689075
LA,2005,E,0.0
LA,2005,T,0.4920967235423428
LA,2006,T,0.0
LA,2007,T,0.0
LA,2008,T,0.0
LA,2009,E,0.0
LA,2009,T,0.0
LA,2010,T,0.0
LA,2011,T,0.0
LA,2012,E,0.0
LA,2012,T,0.2029488291413703
LA,2013,E,0.0
LA,2013,T,0.0
LA,2014,E,0.0
LA,2014,T,0.0
LA,2015,E,0.0
LA,2015,T,0.22170477619846385
LA,2016,E,0.0
LA,2016,T,0.0
LA,2017,E,0.0
LA,2017,T,0.0
LA,2018,E,0.0
LA,2018,T,0.0
LA,2019,E,0.0
LA,2019,T,0.6628571428571428
LA,2020,E,0.0
LA,2020,T,0.40095465393794744
LA,2021,E,0.0
LA,2021,T,0.0
LA,2022,T,0.27053140096618367
LA,2023,E,0.0
LA,2023,T,0.0
LB,2001,E,0.6064038839440528
LB,2001,T,0.1830141982545265
LB,2002,E,0.6170038290806817
LB,2002,T,0.2145643693107933
LB,2003,E,0.7164062499999999
LB,2003,T,0.13257341097757402
LB,2004,E,0.791793535655646
LB,2004,T,0.05763185469786938
LB,2005,E,0.4116441294745115
LB,2005,T,0.06322057919893108
LB,2006,E,0.6186025053576683
LB,2006,T,0.07881173569363036
LB,2007,E,0.6722043920587907
LB,2007,T,0.10801226967172103
LB,2008,E,0.4996869192277941
LB,2008,T,0.0
LB,2009,E,0.2945351776700666
LB,2009,T,0.040222976161853614
LB,2010,E,0.3578461427698722
LB,2010,T,0.02120294244915621
LB,2011,E,0.34834827652115674
LB,2011,T,0.030022397661747646
LB,2012,E,0.1478020191800535
LB,2012,T,0.10114751296795207
LB,2013,E,0.13540831520280622
LB,2013,T,0.0215539031407116
LB,2014,E,0.25804872638162085
LB,2014,T,0.13239877353789295
LB,2015,E,0.19988857000071047
LB,2015,T,0.09323549389854154
LB,2016,E,0.12590717971614432
LB,2016,T,0.06864899227982744
LB,2017,E,0.21317269814213027
LB,2017,T,0.01807234806872969
LB,2018,E,0.03387712349859887
LB,2018,T,0.03805042251403907
LB,2019,E,0.04241946619471849
LB,2019,T,0.10989746233602567
LB,2020,E,0.17186128577399387
LB,2020,T,0.09233922277400536
LB,2021,E,0.10093525261471263
LB,2021,T,0.042895860549456974
LB,2022,E,0.14111802525503295
LB,2022,T,0.02284972568514144
LB,2023,E,0.03759738602161825
LB,2023,T,0.15793290633699303
LK,2001,E,0.3605592869075334
LK,2001,T,0.40521628498727735
LK,2002,E,0.12813532121594223
LK,2002,T,0.08726507210883017
LK,2003,E,0.0
LK,2003,T,0.08542500694341192
LK,2004,E,0.27156978832670325
LK,2004,T,0.2112158427521063
LK,2005,E,0.09776849302060583
LK,2005,T,0.08285334831303946
LK,2006,E,0.0
LK,2006,T,0.02645674190300153
LK,2007,E,0.0
LK,2007,T,0.07602221003300712
LK,2008,E,0.019656451374196554
LK,2008,T,0.08399524352516317
LK,2009,E,0.0868448775107865
LK,2009,T,0.13669666427421978
LK,2010,E,0.06250240704381596
LK,2010,T,0.034801685632664656
LK,2011,E,0.4077351700150683
LK,2011,T,0.23934117112326167
LK,2012,E,0.0
LK,2012,T,0.0
LK,2013,E,0.0
LK,2013,T,0.03692299080765738
LK,2014,E,0.26671858451313585
LK,2014,T,0.04948787197026971
LK,2015,E,0.02843620773621887
LK,2015,T,0.1720867547006415
LK,2016,E,0.0
LK,2016,T,0.0
LK,2017,E,0.0
LK,2017,T,0.14361518157579214
LK,2018,E,0.12363807696157608
LK,2018,T,0.16039893969407315
LK,2019,E,0.033236202627120855
LK,2019,T,0.08209428837164336
LK,2020,E,0.0
LK,2020,T,0.020888324389726747
LK,2021,E,0.0
LK,2021,T,0.09718856340310444
LK,2022,E,0.08579709158073481
LK,2022,T,0.13500955346090912
LK,2023,E,0.0
LK,2023,T,0.12090389062218039
MM,2001,E,0.0
MM,2002,E,0.0
MM,2003,E,0.0
MM,2004,E,0.0
MM,2004,T,0.0
MM,2005,E,0.0
MM,2005,T,0.0
MM,2006,T,0.0
MM,2007,E,0.0
MM,2007,T,0.0
MM,2008,T,0.0
MM,2009,E,0.0
MM,2009,T,0.0
MM,2010,E,0.0
MM,2010,T,0.0
MM,2011,E,0.0
MM,2011,T,0.11248593925759283
MM,2012,E,0.0
MM,2012,T,0.0
MM,2013,E,0.0
MM,2013,T,0.5657491974397862
MM,2014,E,0.0
MM,2014,T,0.07636800962116666
MM,2015,E,0.0
MM,2015,T,0.15352979042987003
MM,2016,E,0.0
MM,2016,T,0.14450206557088918
MM,2017,E,0.0
MM,2017,T,0.0
MM,2018,E,0.0
MM,2018,T,0.0
MM,2019,E,0.0
MM,2019,T,0.0
MM,2020,E,0.42857142857142855
MM,2020,T,0.07934057503204507
MM,2021,E,0.0
MM,2021,T,0.08957770510450726
MM,2022,E,0.0
MM,2022,T,0.2376425855513308
MM,2023,E,0.0
MM,2023,T,0.1121076233183857
MN,2001,T,0.0
MN,2002,E,0.0
MN,2002,T,1.0
MN,2003,E,0.0
MN,2003,T,0.0
MN,2004,E,0.0
MN,2004,T,0.0
MN,2005,E,0.0
MN,2005,T,0.10714285714285716
MN,2006,E,0.0
MN,2006,T,0.2823529411764706
MN,2007,E,0.0
MN,2007,T,0.0
MN,2008,E,0.0
MN,2008,T,0.0
MN,2009,E,0.0
MN,2009,T,0.0
MN,2010,E,0.0
MN,2010,T,0.14927011305015914
MN,2011,E,0.0
MN,2011,T,0.0
MN,2012,E,0.0
MN,2012,T,0.41875923190546527
MN,2013,E,0.0
MN,2013,T,0.0
MN,2014,E,0.0
MN,2014,T,0.0
MN,2015,E,0.0
MN,2015,T,0.4583368357850494
MN,2016,E,0.0
MN,2016,T,0.06500101564086928
MN,2017,E,0.0
MN,2017,T,0.14245014245014248
MN,2018,E,0.08249045983731049
MN,2018,T,0.07121661721068251
MN,2019,E,0.0
MN,2019,T,0.0
MN,2020,E,0.0
MN,2020,T,0.10240963855421689
MN,2021,E,0.0
MN,2021,T,0.09286534524938839
MN,2022,E,0.0
MN,2022,T,0.09792809538921883
MN,2023,E,0.25284103155586074
MN,2023,T,0.0
MV,2001,T,0.0
MV,2003,E,0.0
MV,2004,T,0.0
MV,2007,E,0.0
MV,2008,T,0.0
MV,2009,E,0.0
MV,2010,E,0.0
MV,2011,E,0.0
MV,2012,E,0.0
MV,2013,E,0.0
MV,2013,T,0.5999999999999963
MV,2014,E,0.0
MV,2014,T,0.7084745762711844
MV,2015,E,0.0
MV,2015,T,0.437837837837837
MV,2016,E,0.0
MV,2016,T,0.5142857142857137
MV,2017,E,0.0
MV,2017,T,0.5999999999999998
MV,2018,E,0.0
MV,2018,T,0.46956521739130386
MV,2019,E,0.0
MV,2019,T,0.0
MV,2020,E,0.0
MV,2020,T,0.0
MV,2021,E,0.0
MV,2021,T,0.4736842105263156
MV,2022,E,0.0
MV,2022,T,0.0
MV,2023,T,0.0
MY,2001,E,0.03686303141998529
MY,2001,T,0.20962316125739458
MY,2002,E,0.04351781031203507
MY,2002,T,0.15917569470723963
MY,2003,E,0.019852189653964125
MY,2003,T,0.11948402849663964
MY,2004,E,0.0
MY,2004,T,0.05461690591277368
MY,2005,E,0.0
MY,2005,T,0.03750288212489799
MY,2006,E,0.0
MY,2006,T,0.05352359537908719
MY,2007,E,0.01967261906534394
MY,2007,T,0.10981156358626164
MY,2008,E,0.027207215000254376
MY,2008,T,0.03449667161237725
MY,2009,E,0.017747163113207187
MY,2009,T,0.04573118593637954
MY,2010,E,0.08423872201378288
MY,2010,T,0.04418097764095623
MY,2011,E,0.0
MY,2011,T,0.04618882240177732
MY,2012,E,0.0
MY,2012,T,0.04916259240359219
MY,2013,E,0.0
MY,2013,T,0.03561657232431505
MY,2014,E,0.0
MY,2014,T,0.04772675428487206
MY,2015,E,0.0
MY,2015,T,0.046321967183922765
MY,2016,E,0.0
MY,2016,T,0.03214179593114095
MY,2017,E,0.005672287425083894
MY,2017,T,0.06883284879390793
MY,2018,E,0.0
MY,2018,T,0.05208630469526387
MY,2019,E,0.0
MY,2019,T,0.08894086643387135
MY,2020,E,0.006700010787619187
MY,2020,T,0.029528852888412147
MY,2021,E,0.0
MY,2021,T,0.024575080515719508
MY,2022,E,0.0
MY,2022,T,0.03400268046514395
MY,2023,E,0.0014411049484134369
MY,2023,T,0.025903775021408715
NP,2001,T,0.0
NP,2002,E,0.0
NP,2002,T,0.2116402116402115
NP,2003,E,0.0
NP,2003,T,0.09975062344139649
NP,2004,T,0.0
NP,2005,T,0.16666666666666674
NP,2006,T,0.04965243296921551
NP,2007,E,0.0
NP,2007,T,0.0
NP,2008,E,0.0
NP,2008,T,0.0
NP,2009,E,0.0
NP,2009,T,0.1088268266870798
NP,2010,E,0.0
NP,2010,T,0.08897597905721458
NP,2011,T,0.021475100813667707
NP,2012,E,0.0
NP,2012,T,0.02702459237906495
NP,2013,E,0.0
NP,2013,T,0.24079960239043902
NP,2014,E,0.0
NP,2014,T,0.19862092895064112
NP,2015,E,0.0
NP,2015,T,0.18875682923712947
NP,2016,E,0.0
NP,2016,T,0.06545919886951425
NP,2017,E,0.0
NP,2017,T,0.026076128341403996
NP,2018,E,0.0
NP,2018,T,0.0
NP,2019,E,0.0
NP,2019,T,0.013346659428399008
NP,2020,E,0.0
NP,2020,T,0.023797820050840215
NP,2021,E,0.0
NP,2021,T,0.04095746029637385
NP,2022,E,0.0
NP,2022,T,0.03521592225001189
NP,2023,E,0.0
NP,2023,T,0.0
OM,2001,E,0.2222222222222222
OM,2001,T,0.914796932689577
OM,2002,E,0.24678663239074553
OM,2002,T,0.0
OM,2003,E,0.25
OM,2003,T,0.0
OM,2004,E,0.2739244951712028
OM,2004,T,0.0
OM,2005,E,0.35294117647058826
OM,2005,T,0.1519756838905775
OM,2006,E,0.6506024096385542
OM,2006,T,0.714384083393111
OM,2007,E,0.7177033492822966
OM,2007,T,0.0
OM,2008,E,0.3076923076923077
OM,2008,T,0.564748201438849
OM,2009,E,0.4695832320933028
OM,2009,T,0.21369596891695083
OM,2010,E,0.38532110091743116
OM,2010,T,0.0
OM,2011,E,0.475920036347115
OM,2011,T,0.38213472725739794
OM,2012,E,0.4276504297994269
OM,2012,T,0.2119472086101678
OM,2013,E,0.5451184548060962
OM,2013,T,0.0
OM,2014,E,0.14130063753571923
OM,2014,T,0.0
OM,2015,E,0.33859728162610947
OM,2015,T,0.09557945041816002
OM,2016,E,0.30059955300959207
OM,2016,T,0.0994475138121547
OM,2017,E,0.5004970633603105
OM,2017,T,0.0
OM,2018,E,0.19004127852015068
OM,2018,T,0.0
OM,2019,E,0.067099556919567
OM,2019,T,0.14685314685314685
OM,2020,E,0.09780748227239384
OM,2020,T,0.2560163850486435
OM,2021,E,0.22653805064565363
OM,2021,T,0.0
OM,2022,E,0.19647153167602247
OM,2022,T,0.147986334669207
OM,2023,E,0.33637548891786173
OM,2023,T,0.11410303502842317
PH,2001,E,0.3214285714285714
PH,2001,T,0.1345226670259553
PH,2002,E,0.03504380475594493
PH,2002,T,0.1876430251205076
PH,2003,E,0.3109815354713314
PH,2003,T,0.214607804603552
PH,2004,E,0.08588158750813273
PH,2004,T,0.1268065617109605
PH,2005,E,0.2008750303829994
PH,2005,T,0.12723151147770548
PH,2006,E,0.02644966821579751
PH,2006,T,0.11047667524493734
PH,2007,E,0.06800185833911677
PH,2007,T,0.09262855763903348
PH,2008,E,0.0
PH,2008,T,0.10824407490874585
PH,2009,E,0.0
PH,2009,T,0.05291430890636578
PH,2010,E,0.03488821235291919
PH,2010,T,0.0442519942311504
PH,2011,E,0.14938542289548867
PH,2011,T,0.08307174798005723
PH,2012,E,0.0
PH,2012,T,0.05769282331649156
PH,2013,E,0.05592226557953221
PH,2013,T,0.16517044643956247
PH,2014,E,0.006204232524176179
PH,2014,T,0.12685327879898656
PH,2015,E,0.09836532527594648
PH,2015,T,0.18223225601109994
PH,2016,E,0.08166680329163072
PH,2016,T,0.14126220848214188
PH,2017,E,0.060675056844988334
PH,2017,T,0.1834665926500246
PH,2018,E,0.03583597156033841
PH,2018,T,0.08674468312534635
PH,2019,E,0.05393407423165347
PH,2019,T,0.10375177620730205
PH,2020,E,0.013002362572101994
PH,2020,T,0.08395565906416476
PH,2021,E,0.04276820500835162
PH,2021,T,0.11829574534094241
PH,2022,E,0.006703963279546599
PH,2022,T,0.11678955753434041
PH,2023,E,0.06381981527342416
PH,2023,T,0.11836872593537753
PK,2001,E,0.5737051792828686
PK,2001,T,0.17127447645886987
PK,2002,E,0.19148936170212766
PK,2002,T,0.04062838569880824
PK,2003,E,0.1361066517763663
PK,2003,T,0.09117043121149901
PK,2004,E,0.24500373002473597
PK,2004,T,0.08692963974771253
PK,2005,E,0.20003114886177073
PK,2005,T,0.043304829958926795
PK,2006,E,0.04619791291206391
PK,2006,T,0.03462514270177662
PK,2007,E,0.1303268514687629
PK,2007,T,0.01872712769306984
PK,2008,E,0.06413029647537855
PK,2008,T,0.05883147677091803
PK,2009,E,0.16788125813660987
PK,2009,T,0.05763057491692459
PK,2010,E,0.0
PK,2010,T,0.07184977793745086
PK,2011,E,0.27978936736375476
PK,2011,T,0.03211165655269368
PK,2012,E,0.0
PK,2012,T,0.014137505475861413
PK,2013,E,0.05070598758691083
PK,2013,T,0.017249896202489557
PK,2014,E,0.0
PK,2014,T,0.030071357351560468
PK,2015,E,0.05864294640721163
PK,2015,T,0.021033460015502794
PK,2016,E,0.05901813132290511
PK,2016,T,0.019645060706297394
PK,2017,E,0.04038405499599169
PK,2017,T,0.08287011005165158
PK,2018,E,0.026088764550789335
PK,2018,T,0.015943280062106453
PK,2019,E,0.032446704434465484
PK,2019,T,0.057989324819118594
PK,2020,E,0.0340852966444068
PK,2020,T,0.09568366817838642
PK,2021,E,0.06629600767828357
PK,2021,T,0.02971697363611804
PK,2022,E,0.0
PK,2022,T,0.009467991119762093
PK,2023,E,0.023384640108330235
PK,2023,T,0.046091651512370914
QA,2001,E,0.6127167630057804
QA,2001,T,0.646551724137931
QA,2002,E,0.7066381156316917
QA,2002,T,0.6761565836298933
QA,2003,E,0.0
QA,2003,T,0.0
QA,2004,E,0.4555575312379007
QA,2004,T,0.0
QA,2005,E,0.20366940441958847
QA,2005,T,0.0
QA,2006,E,0.5004048988123585
QA,2006,T,0.0
QA,2007,E,0.6979357267810107
QA,2007,T,0.10218425605536328
QA,2008,E,0.22358183118630162
QA,2008,T,0.0
QA,2009,E,0.18993105392423304
QA,2009,T,0.09932600212841432
QA,2010,E,0.22324641998471345
QA,2010,T,0.11650485436893208
QA,2011,E,0.47307367203610373
QA,2011,T,0.06672845227062094
QA,2012,E,0.09451942063311188
QA,2012,T,0.0
QA,2013,E,0.13526150773912923
QA,2013,T,0.04087089704426411
QA,2014,E,0.0672738691686547
QA,2014,T,0.026714876550122356
QA,2015,E,0.09645959691223054
QA,2015,T,0.07161262101466616
QA,2016,E,0.044385825819211314
QA,2016,T,0.05630207942346669
QA,2017,E,0.20976141208182786
QA,2017,T,0.03586574304643757
QA,2018,E,0.03113059453735058
QA,2018,T,0.11178475118020458
QA,2019,E,0.03542673447967041
QA,2019,T,0.08483539729408135
QA,2020,E,0.015957015846038244
QA,2020,T,0.17723224668190385
QA,2021,E,0.047561929461647445
QA,2021,T,0.02071459886014907
QA,2022,E,0.005773953099608719
QA,2022,T,0.01496230276964531
QA,2023,E,0.05178143604053002
QA,2023,T,0.058370741354656516
SA,2001,E,0.5761782203690646
SA,2001,T,0.21120972476430575
SA,2002,E,0.6462859666628499
SA,2002,T,0.2401855789598716
SA,2003,E,0.6445898499840408
SA,2003,T,0.2861252561186946
SA,2004,E,0.6043722101902369
SA,2004,T,0.34338311352135864
SA,2005,E,0.2255069101998813
SA,2005,T,0.15228393044655286
SA,2006,E,0.5321786227118548
SA,2006,T,0.06647307099944744
SA,2007,E,0.44372035567269286
SA,2007,T,0.05462288712764307
SA,2008,E,0.2551551890477458
SA,2008,T,0.090574213023982
SA,2009,E,0.1242737061323064
SA,2009,T,0.12255982181840606
SA,2010,E,0.20874544545225968
SA,2010,T,0.019047165341782742
SA,2011,E,0.19228817218978583
SA,2011,T,0.0370673967325642
SA,2012,E,0.14345358347919984
SA,2012,T,0.0651457373553775
SA,2013,E,0.2241065812766707
SA,2013,T,0.2239893895892984
SA,2014,E,0.1186776932112036
SA,2014,T,0.052223376103648016
SA,2015,E,0.1009880902137705
SA,2015,T,0.014980239707456055
SA,2016,E,0.17464997527698645
SA,2016,T,0.01865939814935066
SA,2017,E,0.34336326111425414
SA,2017,T,0.017548365030178675
SA,2018,E,0.032369564841860626
SA,2018,T,0.2303997074784575
SA,2019,E,0.014135303053168569
SA,2019,T,0.30912497205735706
SA,2020,E,0.09434058243409287
SA,2020,T,0.23029693947070334
SA,2021,E,0.11693266326161203
SA,2021,T,0.012611474466993292
SA,2022,E,0.03534472470737789
SA,2022,T,0.006210320380331982
SA,2023,E,0.07006442937890411
SA,2023,T,0.014490991433056894
SG,2001,E,0.00231191638029489
SG,2001,T,0.12121414892792398
SG,2002,E,0.002724034277662285
SG,2002,T,0.07042558255709563
SG,2003,E,0.004446543520404911
SG,2003,T,0.05296334814708711
SG,2004,E,0.006424220923313022
SG,2004,T,0.04664427066905988
SG,2005,E,0.0
SG,2005,T,0.06151756128884893
SG,2006,E,0.003029856583485218
SG,2006,T,0.03402027812711611
SG,2007,E,0.004504444610279216
SG,2007,T,0.02049859465949765
SG,2008,E,0.0
SG,2008,T,0.008157984971731543
SG,2009,E,0.0
SG,2009,T,0.06517851649849195
SG,2010,E,0.0
SG,2010,T,0.01752024059366488
SG,2011,E,0.006319478614686662
SG,2011,T,0.037027781449931754
SG,2012,E,0.0
SG,2012,T,0.031622590025173536
SG,2013,E,0.0
SG,2013,T,0.03501079186109639
SG,2014,E,0.0007694244261956868
SG,2014,T,0.012067564016123921
SG,2015,E,0.0
SG,2015,T,0.02512258578560743
SG,2016,E,0.0
SG,2016,T,0.04677714070109841
SG,2017,E,0.0
SG,2017,T,0.049524027426846806
SG,2018,E,0.0
SG,2018,T,0.04686919880275595
SG,2019,E,0.0
SG,2019,T,0.010130777939196152
SG,2020,E,0.0
SG,2020,T,0.010145632271359298
SG,2021,E,0.0
SG,2021,T,0.038853627410687736
SG,2022,E,0.0
SG,2022,T,0.03584722092734171
SG,2023,E,0.0
SG,2023,T,0.004325843910181067
SY,2001,E,0.890625
SY,2001,T,0.281786941580756
SY,2002,E,0.9310344827586207
SY,2002,T,0.12949640287769784
SY,2003,E,0.8774185170757045
SY,2003,T,0.0
SY,2004,E,0.9648692810457516
SY,2004,T,0.16014588859416443
SY,2005,E,0.6641890661974396
SY,2005,T,0.19237083534524366
SY,2006,E,0.9302428647402942
SY,2006,T,0.09515842308898882
SY,2007,E,0.5324519766629277
SY,2007,T,0.0
SY,2008,E,0.5481308542811884
SY,2008,T,0.0
SY,2009,E,0.553884955702996
SY,2009,T,0.35994526821367806
SY,2010,E,0.40355204183625953
SY,2010,T,0.1991005723630418
SY,2011,E,0.5375094142983347
SY,2011,T,0.03849679193400552
SY,2012,E,0.2734409295686913
SY,2012,T,0.20478168193904228
SY,2013,E,0.720982375767857
SY,2013,T,0.22727272727272704
SY,2014,E,0.3473589090610368
SY,2014,T,0.0
SY,2015,E,0.41635611458936117
SY,2015,T,0.0
SY,2016,E,0.1237780943361705
SY,2016,T,0.0
SY,2017,E,0.0
SY,2017,T,0.13166144200626959
SY,2018,E,0.060307205120429044
SY,2018,T,0.12141652613827994
SY,2019,E,0.06833818573905973
SY,2019,T,0.2641616851693706
SY,2020,E,0.10877681497163351
SY,2020,T,0.33545401966454597
SY,2021,E,0.0
SY,2021,T,0.0
SY,2022,E,0.015691792892620803
SY,2022,T,0.23964056776556775
SY,2023,E,0.07478212501629597
SY,2023,T,0.4333333333333334
TH,2001,E,0.0
TH,2001,T,0.2505121666832389
TH,2002,E,0.00929760770530522
TH,2002,T,0.19472452990606767
TH,2003,E,0.058782380980937764
TH,2003,T,0.11632378895636154
TH,2004,E,0.015160901652659882
TH,2004,T,0.18971659868491553
TH,2005,E,0.023280565618329956
TH,2005,T,0.15600087533000867
TH,2006,E,0.01552792014065034
TH,2006,T,0.08499998568513038
TH,2007,E,0.024864611411311847
TH,2007,T,0.08694682905749766
TH,2008,E,0.005529175906383922
TH,2008,T,0.07942502841944077
TH,2009,E,0.013001113011976864
TH,2009,T,0.07607094563521237
TH,2010,E,0.017112304979925365
TH,2010,T,0.09742670908316407
TH,2011,E,0.014827857673970074
TH,2011,T,0.10267382629721085
TH,2012,E,0.0
TH,2012,T,0.07489238986780243
TH,2013,E,0.0
TH,2013,T,0.08371518302324343
TH,2014,E,0.0
TH,2014,T,0.08070103242408128
TH,2015,E,0.0038181372805779256
TH,2015,T,0.06472458657415273
TH,2016,E,0.01501513898461341
TH,2016,T,0.08689642621655239
TH,2017,E,0.0010546180793741325
TH,2017,T,0.08472178112423948
TH,2018,E,0.0
TH,2018,T,0.18440115843863225
TH,2019,E,0.002910780663464581
TH,2019,T,0.15934142409371094
TH,2020,E,0.0010157026924421358
TH,2020,T,0.13925557854950427
TH,2021,E,0.002108530425776716
TH,2021,T,0.1320065906548182
TH,2022,E,0.0
TH,2022,T,0.08930243042256891
TH,2023,E,0.006665051857633673
TH,2023,T,0.08742833331383226
TJ,2001,T,0.0
TJ,2002,E,0.0
TJ,2002,T,0.0
TJ,2003,T,0.0
TJ,2004,T,0.0
TJ,2005,T,0.4137931034482759
TJ,2006,E,0.0
TJ,2006,T,0.186046511627907
TJ,2007,T,0.0
TJ,2008,T,0.0
TJ,2009,T,0.0
TJ,2010,T,0.0
TJ,2011,T,0.0
TJ,2012,T,0.0
TJ,2013,T,0.0
TJ,2014,E,0.0
TJ,2014,T,0.0
TJ,2015,T,0.0
TJ,2016,T,0.0
TJ,2017,T,0.3692307692307692
TJ,2018,T,0.4571428571428572
TJ,2019,E,0.42499969238586244
TJ,2019,T,0.19999999999999998
TJ,2020,E,0.16452290328595787
TJ,2020,T,0.0
TJ,2021,E,0.0
TJ,2021,T,0.0
TJ,2022,E,0.0
TJ,2023,E,0.0
TL,2014,E,0.0
TL,2015,E,0.0
TL,2018,E,0.0
TL,2019,E,0.0
TL,2020,E,0.0
TL,2021,T,0.0
TL,2022,T,0.0
TM,2001,T,0.0
TM,2003,T,0.0
TM,2005,T,0.0
TM,2007,T,0.0
TM,2008,T,0.0
TM,2009,T,0.0
TM,2010,E,0.0
TM,2010,T,0.0
TM,2012,E,0.0
TM,2013,E,0.0
TM,2014,E,0.0
TM,2014,T,0.0
TM,2015,E,1.0
TM,2015,T,0.4714285714285714
TM,2016,E,0.0
TM,2016,T,0.7857142857142859
TM,2017,E,0.0
TM,2017,T,0.0
TM,2018,E,0.0
TM,2018,T,0.0
TM,2019,E,0.0
TM,2019,T,0.5892857142857141
TM,2020,E,0.0
TM,2020,T,0.0
TM,2021,T,0.0
TM,2022,E,0.0
TM,2023,E,0.0
TM,2023,T,0.0
TR,2001,E,0.0034041275600019756
TR,2001,T,0.3274981166015138
TR,2002,E,0.005287622722579615
TR,2002,T,0.3794027055364536
TR,2003,E,0.005320101369934343
TR,2003,T,0.24371144993100022
TR,2004,E,0.0
TR,2004,T,0.3031135077881917
TR,2005,E,0.0
TR,2005,T,0.15332604828817278
TR,2006,E,0.0013640653761227846
TR,2006,T,0.13074426879490283
TR,2007,E,0.05348004336730528
TR,2007,T,0.29024818696755106
TR,2008,E,0.005603765699805239
TR,2008,T,0.14658250997858513
TR,2009,E,0.004113713989433599
TR,2009,T,0.16403986471234824
TR,2010,E,0.0010623333434237273
TR,2010,T,0.24782331069398086
TR,2011,E,0.0009383702166143087
TR,2011,T,0.24789763151081842
TR,2012,E,0.0
TR,2012,T,0.29230804929716026
TR,2013,E,0.0007233179122321339
TR,2013,T,0.18814526926360964
TR,2014,E,0.0
TR,2014,T,0.16172268621900715
TR,2015,E,0.0012970232817599982
TR,2015,T,0.23062794242628754
TR,2016,E,0.0005997414848354556
TR,2016,T,0.058213588108597884
TR,2017,E,0.0
TR,2017,T,0.08690502804464362
TR,2018,E,0.0
TR,2018,T,0.2499672224412689
TR,2019,E,0.0
TR,2019,T,0.14349758113659544
TR,2020,E,0.0
TR,2020,T,0.02726255827776224
TR,2021,E,0.0
TR,2021,T,0.01794375446496669
TR,2022,E,0.0
TR,2022,T,0.06065224393703444
TR,2023,E,0.0
TR,2023,T,0.02330413618287595
UZ,2001,T,0.571236559139785
UZ,2002,T,0.503597122302158
UZ,2003,E,0.0
UZ,2003,T,0.11483253588516748
UZ,2004,E,0.0
UZ,2004,T,0.15744032503809036
UZ,2005,E,0.0
UZ,2005,T,0.1032258064516129
UZ,2006,T,0.08237986270022883
UZ,2007,E,0.0
UZ,2007,T,0.0
UZ,2008,E,0.0
UZ,2008,T,0.0
UZ,2009,E,0.0
UZ,2009,T,0.0
UZ,2010,E,0.0
UZ,2010,T,0.10062089424532919
UZ,2011,E,0.0
UZ,2011,T,0.0
UZ,2012,E,0.0
UZ,2012,T,0.2553656372307038
UZ,2013,E,0.0
UZ,2013,T,0.0
UZ,2014,E,0.0
UZ,2014,T,0.33333333333333337
UZ,2015,E,0.0
UZ,2015,T,0.09460015667113668
UZ,2016,E,0.0
UZ,2016,T,0.0
UZ,2017,E,0.0
UZ,2017,T,0.331279455111659
UZ,2018,E,0.0
UZ,2018,T,0.13582772048084893
UZ,2019,E,0.0
UZ,2019,T,0.3117142500490398
UZ,2020,E,0.0
UZ,2020,T,0.20045558086560372
UZ,2021,E,0.0
UZ,2021,T,0.0
UZ,2022,E,0.0
UZ,2022,T,0.0
UZ,2023,E,0.0
UZ,2023,T,0.0
VN,2001,E,0.0
VN,2001,T,0.15752765752765757
VN,2002,E,0.0
VN,2002,T,0.1185579482216308
VN,2003,E,0.023279043781532522
VN,2003,T,0.17522566942274143
VN,2004,E,0.0
VN,2004,T,0.14721775960274572
VN,2005,E,0.009019129795839919
VN,2005,T,0.045496489468405225
VN,2006,E,0.00986141834499764
VN,2006,T,0.07570709002906617
VN,2007,E,0.0
VN,2007,T,0.08674276388035344
VN,2008,E,0.0
VN,2008,T,0.04749905755838178
VN,2009,E,0.009171070950039188
VN,2009,T,0.01609334138000403
VN,2010,E,0.032278746588907566
VN,2010,T,0.0
VN,2011,E,0.0
VN,2011,T,0.0
VN,2012,E,0.0
VN,2012,T,0.021345608242463406
VN,2013,E,0.0
VN,2013,T,0.06770978817634977
VN,2014,E,0.023442017353273715
VN,2014,T,0.11616880489773863
VN,2015,E,0.008363011048440398
VN,2015,T,0.07705611860718009
VN,2016,E,0.004318140823798535
VN,2016,T,0.051976028409266954
VN,2017,E,0.0038537126482642483
VN,2017,T,0.12637134113516096
VN,2018,E,0.018482365053623627
VN,2018,T,0.18235275625067476
VN,2019,E,0.03020785954825713
VN,2019,T,0.1257034193123065
VN,2020,E,0.015966349587414778
VN,2020,T,0.08315697102729278
VN,2021,E,0.019601509734871726
VN,2021,T,0.127785921812318
VN,2022,E,0.005149521052173189
VN,2022,T,0.048983828785324965
VN,2023,E,0.01234335754456055
VN,2023,T,0.0645417393184295
YE,2001,E,0.25
YE,2002,E,0.0
YE,2002,T,0.7045454545454546
YE,2003,E,0.4
YE,2004,E,0.46956521739130436
YE,2005,E,0.3525132275132275
YE,2005,T,0.8076923076923073
YE,2006,E,0.3277325913242009
YE,2006,T,0.8076923076923075
YE,2007,E,0.2967730558984306
YE,2007,T,0.0
YE,2008,E,0.31177583353038546
YE,2008,T,0.0
YE,2009,E,0.1562424418323417
YE,2009,T,0.0
YE,2010,E,0.22499999999999998
YE,2010,T,0.0
YE,2011,E,0.0
YE,2011,T,0.0
YE,2012,E,0.6568421052631579
YE,2012,T,0.0
YE,2013,E,0.36913687881429813
YE,2013,T,0.0
YE,2014,E,0.0
YE,2014,T,0.0
YE,2015,E,0.12607249168271756
YE,2015,T,0.0
YE,2016,E,0.3460505104782375
YE,2016,T,0.0
YE,2017,E,0.15384615384615385
YE,2017,T,0.0
YE,2018,E,0.24523160762942778
YE,2018,T,0.0
YE,2019,E,0.1647866601275135
YE,2019,T,0.0
YE,2020,E,0.12148481439820022
YE,2020,T,0.0
YE,2021,E,0.0
YE,2021,T,0.0
YE,2022,E,0.15542995559144127
YE,2022,T,0.0
YE,2023,E,0.6224380399823422
YE,2023,T,0.0
