Dimension,Unit,n_years_no_record,years
T,BT,8,"2001,2002,2003,2005,2006,2007,2008,2010"
T,MM,3,"2001,2002,2003"
T,MV,9,"2002,2003,2005,2006,2007,2009,2010,2011,2012"
T,TJ,2,"2022,2023"
T,TL,21,"2001,2002,2003,2004,2005,2006,2007,2008,2009,2010,2011,2012,2013,2014,2015,2016,2017,2018,2019,2020,2023"
T,TM,7,"2002,2004,2006,2011,2012,2013,2022"
T,YE,3,"2001,2003,2004"
S,AF,1,2002
S,BT,1,2003
S,KP,1,2005
S,TL,5,"2001,2002,2003,2004,2005"
S,TM,3,"2008,2010,2015"
E,AZ,1,2001
E,BT,21,"2001,2002,2003,2004,2005,2006,2007,2009,2010,2011,2012,2013,2014,2015,2016,2017,2018,2019,2020,2022,2023"
E,IQ,2,"2001,2003"
E,KG,3,"2001,2002,2003"
E,KH,2,"2002,2003"
E,LA,10,"2001,2002,2003,2004,2006,2007,2008,2010,2011,2022"
E,MM,2,"2006,2008"
E,MN,1,2001
E,MV,7,"2001,2002,2004,2005,2006,2008,2023"
E,NP,5,"2001,2004,2005,2006,2011"
E,TJ,15,"2001,2003,2004,2005,2007,2008,2009,2010,2011,2012,2013,2015,2016,2017,2018"
E,TL,18,"2001,2002,2003,2004,2005,2006,2007,2008,2009,2010,2011,2012,2013,2016,2017,2021,2022,2023"
E,TM,11,"2001,2002,2003,2004,2005,2006,2007,2008,2009,2011,2021"
E,UZ,3,"2001,2002,2006"
