Period,E,P,S,T
2001,,,,
2002,15.58,6.65,18.77,13.75
2003,4.35,17.51,18.4,3.3
2004,21.57,25.22,17.1,16.45
2005,11.86,13.79,13.54,7.56
2006,7.98,14.96,18.34,11.94
2007,26.16,15.92,15.04,2.13
2008,6.93,15.9,13.47,3.69
2009,0.56,-21.79,14.24,1.38
2010,3.33,28.57,12.55,-3.19
2011,12.9,19.2,18.2,4.22
2012,8.71,1.06,7.66,11.18
2013,12.99,-0.68,15.5,5.18
2014,10.34,0.26,13.64,3.23
2015,16.18,-13.89,8.24,5.87
2016,21.68,-4.77,11.59,1.58
2017,31.64,9.91,1.95,11.01
2018,31.27,7.89,9.96,1.03
2019,37.8,-4.2,11.11,8.74
2020,2.81,-6.4,7.95,6.16
2021,44.0,22.9,-1.71,6.84
2022,-21.71,3.61,14.88,-0.76
2023,-44.2,-8.81,11.46,-0.42
