Unit,2020,2021,2022,2023
CN,142515.92640654815,249271.36957711965,188082.03958712178,84524.90347277872
JP,28574.642740802174,22944.752938223904,19900.663392679606,16464.818240514756
KR,15739.676835814476,15703.382020884404,13541.174374252783,11929.923745939013
SG,8781.465332643202,7956.312805146711,7662.9310096569925,6052.121163897739
TR,3956.871001487167,3514.0984930957807,3410.1943551534114,3332.8802076977395
IN,4002.255280398531,3819.8918413055944,3385.3614453612354,3441.3105319176907
AE,2680.0818354173693,2980.7825034058237,2783.997582443237,2920.531886963623
IL,2847.0972132725137,2336.5653739852455,1911.6641517196927,1651.638442469521
MY,2406.712542880835,2151.672152994804,1845.9879546673567,1619.1279725339798
CY,2116.1393297225677,1589.6221420700263,1376.1741762395143,1375.6867250613657
