Period,Unit,Dimension,Field ID,Outputs
2018,JP,E,E - 35_3,1.4
2019,CN,E,E - 8_9,1308.4
2019,CN,E,E - 8_5,1533.8000000000002
2019,CN,E,E - 8_3,1434.4
2019,CN,E,E - 28_9,1906.4
2019,CN,E,E - 28_2,2746.2
2019,CN,E,E - 28_10,2236.6
2019,CN,E,E - 25_0,4948.799999999999
2019,CN,E,E - 21_8,3374.4
2019,CN,E,E - 21_9,4643.8
2019,CN,E,E - 21_5,2602.2
2019,CN,E,E - 21_4,2767.2
2019,CN,E,E - 21_14,3483.2
2019,CN,E,E - 21_13,4251.8
2019,CN,E,E - 21_1,2358.8
2019,CN,E,E - 20_12,1677.8000000000002
2019,CN,E,E - 20_10,1168.8000000000002
2019,CN,E,E - 11_3,2851.6000000000004
2019,CN,E,E - 11_21,1020.4
2019,CN,E,E - 11_2,1825.6
2019,CN,E,E - 11_16,5236.4
2019,CN,E,E - 11_14,1488.6
2019,CN,E,E - 11_10,2656.4
2020,CN,E,E - 8_9,1788.64
2020,CN,E,E - 8_5,1931.88
2020,CN,E,E - 8_3,1887.04
2020,CN,E,E - 28_9,2557.44
2020,CN,E,E - 28_2,3679.3199999999997
2020,CN,E,E - 28_10,3003.56
2020,CN,E,E - 25_0,5595.679999999999
2020,CN,E,E - 21_8,4675.04
2020,CN,E,E - 21_9,6390.68
2020,CN,E,E - 21_5,3507.3199999999997
2020,CN,E,E - 21_4,3955.92
2020,CN,E,E - 21_14,4880.32
2020,CN,E,E - 21_13,5753.48
2020,CN,E,E - 21_1,3248.08
2020,CN,E,E - 20_12,2354.28
2020,CN,E,E - 20_10,1761.2800000000002
2020,CN,E,E - 11_3,3594.1600000000003
2020,CN,E,E - 11_21,1367.8400000000001
2020,CN,E,E - 11_20,2537.2
2020,CN,E,E - 11_2,2403.76
2020,CN,E,E - 11_19,1740.8
2020,CN,E,E - 11_16,6543.84
2020,CN,E,E - 11_14,2035.56
2020,CN,E,E - 11_12,3522.2
2020,CN,E,E - 11_10,3289.44
2020,CN,E,E - 11_1,4489.4
2020,JP,E,E - 35_3,3.24
2021,JP,E,E - 35_3,2.344
2021,CN,E,E - 11_1,7582.4400000000005
2021,CN,E,E - 11_10,5523.664
2021,CN,E,E - 11_12,6773.72
2021,CN,E,E - 11_14,3747.736
2021,CN,E,E - 11_16,11006.304
2021,CN,E,E - 11_19,3546.0800000000004
2021,CN,E,E - 11_2,4270.256
2021,CN,E,E - 11_20,4630.72
2021,CN,E,E - 11_21,2616.704
2021,CN,E,E - 11_3,6546.896000000001
2021,CN,E,E - 20_10,4172.768
2021,CN,E,E - 20_12,4913.368
2021,CN,E,E - 21_1,5621.248
2021,CN,E,E - 21_13,10398.088
2021,CN,E,E - 21_14,9317.792
2021,CN,E,E - 21_4,7448.352000000001
2021,CN,E,E - 21_5,6809.992
2021,CN,E,E - 21_8,8380.624
2021,CN,E,E - 21_9,12166.008
2021,CN,E,E - 25_0,8519.008
2021,CN,E,E - 28_10,5752.136
2021,CN,E,E - 28_2,7911.592
2021,CN,E,E - 28_6,4750.4
2021,CN,E,E - 28_9,5177.264
2021,CN,E,E - 8_3,3117.0240000000003
2021,CN,E,E - 8_5,3186.728
2021,CN,E,E - 8_9,3109.584
2022,CN,E,E - 8_9,2996.5504
2022,CN,E,E - 8_5,3246.0368
2022,CN,E,E - 8_3,3033.4144
2022,CN,E,E - 28_9,5333.5584
2022,CN,E,E - 28_6,4706.639999999999
2022,CN,E,E - 28_2,7848.155199999999
2022,CN,E,E - 28_10,5579.2816
2022,CN,E,E - 25_0,8167.0048
2022,CN,E,E - 21_9,13397.604800000001
2022,CN,E,E - 21_8,8417.1744
2022,CN,E,E - 21_5,7005.995199999999
2022,CN,E,E - 21_4,7851.8112
2022,CN,E,E - 21_14,9899.4752
2022,CN,E,E - 21_13,11219.2528
2022,CN,E,E - 21_1,5719.1488
2022,CN,E,E - 20_12,5258.4208
2022,CN,E,E - 20_10,4644.0608
2022,CN,E,E - 11_3,6105.7376
2022,CN,E,E - 11_21,2468.8224
2022,CN,E,E - 11_20,4323.232
2022,CN,E,E - 11_2,3975.7536
2022,CN,E,E - 11_19,3308.0480000000002
2022,CN,E,E - 11_16,10961.7824
2022,CN,E,E - 11_14,3481.8415999999997
2022,CN,E,E - 11_12,6487.832
2022,CN,E,E - 11_10,5078.9984
2022,CN,E,E - 11_1,7834.664000000001
2022,JP,E,E - 35_3,2.2064
2023,CN,E,E - 8_9,2327.9302399999997
2023,CN,E,E - 8_5,2584.0220799999997
2023,CN,E,E - 8_3,2350.04864
2023,CN,E,E - 28_9,4040.93504
2023,CN,E,E - 28_6,3463.9839999999995
2023,CN,E,E - 28_2,5770.49312
2023,CN,E,E - 28_10,4135.16896
2023,CN,E,E - 25_0,6110.60288
2023,CN,E,E - 21_9,10402.16288
2023,CN,E,E - 21_8,6559.10464
2023,CN,E,E - 21_7,7412.8
2023,CN,E,E - 21_5,5359.597119999999
2023,CN,E,E - 21_4,6075.88672
2023,CN,E,E - 21_14,7614.48512
2023,CN,E,E - 21_13,8671.95168
2023,CN,E,E - 21_1,4548.68928
2023,CN,E,E - 20_12,4060.6524799999997
2023,CN,E,E - 20_10,3592.43648
2023,CN,E,E - 11_3,4740.24256
2023,CN,E,E - 11_21,1927.69344
2023,CN,E,E - 11_20,3268.7392
2023,CN,E,E - 11_2,3052.6521599999996
2023,CN,E,E - 11_19,2538.0288
2023,CN,E,E - 11_16,8509.86944
2023,CN,E,E - 11_14,2815.5049599999998
2023,CN,E,E - 11_12,4994.6992
2023,CN,E,E - 11_10,3882.1990400000004
2023,CN,E,E - 11_1,6002.798400000001
